name,id,original_price,current_price,Color,Size,sku,title,available,TOG
ribbed-zip-summer-sleepsuit,6563230384214,27.50,22.00,Ribbed Sage,0 - 3 M,LE286V02,Ribbed Sage / 0 - 3 M,True,
ribbed-zip-summer-sleepsuit,6563230384214,27.50,22.00,Ribbed Sage,3 - 6 M,LE286V03,Ribbed Sage / 3 - 6 M,True,
ribbed-zip-summer-sleepsuit,6563230384214,27.50,22.00,Ribbed Sage,6 - 9 M,LE286V04,Ribbed Sage / 6 - 9 M,True,
ribbed-zip-summer-sleepsuit,6563230384214,27.50,22.00,Ribbed Sage,9 - 12 M,LE286V05,Ribbed Sage / 9 - 12 M,True,
ribbed-zip-summer-sleepsuit,6563230384214,27.50,22.00,Ribbed Sage,12 - 18 M,LE286V06,Ribbed Sage / 12 - 18 M,True,
ribbed-zip-summer-sleepsuit,6563230384214,27.50,22.00,Ribbed Sage,18 - 24 M,LE286V07,Ribbed Sage / 18 - 24 M,True,
ribbed-zip-summer-sleepsuit,6563230384214,27.50,22.00,Ribbed Yellow,0 - 3 M,LE286G02,Ribbed Yellow / 0 - 3 M,True,
ribbed-zip-summer-sleepsuit,6563230384214,27.50,22.00,Ribbed Yellow,3 - 6 M,LE286G03,Ribbed Yellow / 3 - 6 M,True,
ribbed-zip-summer-sleepsuit,6563230384214,27.50,22.00,Ribbed Yellow,6 - 9 M,LE286G04,Ribbed Yellow / 6 - 9 M,True,
ribbed-zip-summer-sleepsuit,6563230384214,27.50,22.00,Ribbed Yellow,9 - 12 M,LE286G05,Ribbed Yellow / 9 - 12 M,True,
ribbed-zip-summer-sleepsuit,6563230384214,27.50,22.00,Ribbed Yellow,12 - 18 M,LE286G06,Ribbed Yellow / 12 - 18 M,True,
ribbed-zip-summer-sleepsuit,6563230384214,27.50,22.00,Ribbed Yellow,18 - 24 M,LE286G07,Ribbed Yellow / 18 - 24 M,True,
ribbed-zip-summer-sleepsuit,6563230384214,27.50,22.00,Ribbed Orange,0 - 3 M,LE286OG02,Ribbed Orange / 0 - 3 M,True,
ribbed-zip-summer-sleepsuit,6563230384214,27.50,22.00,Ribbed Orange,3 - 6 M,LE286OG03,Ribbed Orange / 3 - 6 M,True,
ribbed-zip-summer-sleepsuit,6563230384214,27.50,22.00,Ribbed Orange,6 - 9 M,LE286OG04,Ribbed Orange / 6 - 9 M,True,
ribbed-zip-summer-sleepsuit,6563230384214,27.50,22.00,Ribbed Orange,9 - 12 M,LE286OG05,Ribbed Orange / 9 - 12 M,True,
ribbed-zip-summer-sleepsuit,6563230384214,27.50,22.00,Ribbed Orange,12 - 18 M,LE286OG06,Ribbed Orange / 12 - 18 M,True,
ribbed-zip-summer-sleepsuit,6563230384214,27.50,22.00,Ribbed Orange,18 - 24 M,LE286OG07,Ribbed Orange / 18 - 24 M,True,
ribbed-zip-summer-sleepsuit,6563230384214,27.50,22.00,Ribbed Rose,0 - 3 M,LE286RO02,Ribbed Rose / 0 - 3 M,True,
ribbed-zip-summer-sleepsuit,6563230384214,27.50,22.00,Ribbed Rose,3 - 6 M,LE286RO03,Ribbed Rose / 3 - 6 M,True,
ribbed-zip-summer-sleepsuit,6563230384214,27.50,22.00,Ribbed Rose,6 - 9 M,LE286RO04,Ribbed Rose / 6 - 9 M,True,
ribbed-zip-summer-sleepsuit,6563230384214,27.50,22.00,Ribbed Rose,9 - 12 M,LE286RO05,Ribbed Rose / 9 - 12 M,True,
ribbed-zip-summer-sleepsuit,6563230384214,27.50,22.00,Ribbed Rose,12 - 18 M,LE286RO06,Ribbed Rose / 12 - 18 M,True,
ribbed-zip-summer-sleepsuit,6563230384214,27.50,22.00,Ribbed Rose,18 - 24 M,LE286RO07,Ribbed Rose / 18 - 24 M,True,
ribbed-zip-summer-sleepsuit,6563230384214,27.50,22.00,Ribbed Mint,0 - 3 M,LE286W02,Ribbed Mint / 0 - 3 M,True,
ribbed-zip-summer-sleepsuit,6563230384214,27.50,22.00,Ribbed Mint,3 - 6 M,LE286W03,Ribbed Mint / 3 - 6 M,True,
ribbed-zip-summer-sleepsuit,6563230384214,27.50,22.00,Ribbed Mint,6 - 9 M,LE286W04,Ribbed Mint / 6 - 9 M,True,
ribbed-zip-summer-sleepsuit,6563230384214,27.50,22.00,Ribbed Mint,9 - 12 M,LE286W05,Ribbed Mint / 9 - 12 M,True,
ribbed-zip-summer-sleepsuit,6563230384214,27.50,22.00,Ribbed Mint,12 - 18 M,LE286W06,Ribbed Mint / 12 - 18 M,True,
ribbed-zip-summer-sleepsuit,6563230384214,27.50,22.00,Ribbed Mint,18 - 24 M,LE286W07,Ribbed Mint / 18 - 24 M,True,
ribbed-zip-summer-sleepsuit,6563230384214,27.50,22.00,Ribbed Blue,0 - 3 M,LE286SK02,Ribbed Blue / 0 - 3 M,True,
ribbed-zip-summer-sleepsuit,6563230384214,27.50,22.00,Ribbed Blue,3 - 6 M,LE286SK03,Ribbed Blue / 3 - 6 M,True,
ribbed-zip-summer-sleepsuit,6563230384214,27.50,22.00,Ribbed Blue,6 - 9 M,LE286SK04,Ribbed Blue / 6 - 9 M,True,
ribbed-zip-summer-sleepsuit,6563230384214,27.50,22.00,Ribbed Blue,9 - 12 M,LE286SK05,Ribbed Blue / 9 - 12 M,True,
ribbed-zip-summer-sleepsuit,6563230384214,27.50,22.00,Ribbed Blue,12 - 18 M,LE286SK06,Ribbed Blue / 12 - 18 M,True,
ribbed-zip-summer-sleepsuit,6563230384214,27.50,22.00,Ribbed Blue,18 - 24 M,LE286SK07,Ribbed Blue / 18 - 24 M,True,
ribbed-zip-summer-sleepsuit,6563230384214,27.50,22.80,Ribbed Spiced Coral,0 - 3 M,LE286SC02,Ribbed Spiced Coral / 0 - 3 M,True,
ribbed-zip-summer-sleepsuit,6563230384214,27.50,22.80,Ribbed Spiced Coral,3 - 6 M,LE286SC03,Ribbed Spiced Coral / 3 - 6 M,True,
ribbed-zip-summer-sleepsuit,6563230384214,27.50,22.80,Ribbed Spiced Coral,6 - 9 M,LE286SC04,Ribbed Spiced Coral / 6 - 9 M,True,
ribbed-zip-summer-sleepsuit,6563230384214,27.50,22.80,Ribbed Spiced Coral,9 - 12 M,LE286SC05,Ribbed Spiced Coral / 9 - 12 M,True,
ribbed-zip-summer-sleepsuit,6563230384214,27.50,22.80,Ribbed Spiced Coral,12 - 18 M,LE286SC06,Ribbed Spiced Coral / 12 - 18 M,True,
ribbed-zip-summer-sleepsuit,6563230384214,27.50,22.80,Ribbed Spiced Coral,18 - 24 M,LE286SC07,Ribbed Spiced Coral / 18 - 24 M,True,
ribbed-zip-summer-sleepsuit,6563230384214,27.50,22.00,Ribbed Lilac,0 - 3 M,LE286LY02,Ribbed Lilac / 0 - 3 M,True,
ribbed-zip-summer-sleepsuit,6563230384214,27.50,22.00,Ribbed Lilac,3 - 6 M,LE286LY03,Ribbed Lilac / 3 - 6 M,True,
ribbed-zip-summer-sleepsuit,6563230384214,27.50,22.00,Ribbed Lilac,6 - 9 M,LE286LY04,Ribbed Lilac / 6 - 9 M,True,
ribbed-zip-summer-sleepsuit,6563230384214,27.50,22.00,Ribbed Lilac,9 - 12 M,LE286LY05,Ribbed Lilac / 9 - 12 M,True,
ribbed-zip-summer-sleepsuit,6563230384214,27.50,22.00,Ribbed Lilac,12 - 18 M,LE286LY06,Ribbed Lilac / 12 - 18 M,True,
ribbed-zip-summer-sleepsuit,6563230384214,27.50,22.00,Ribbed Lilac,18 - 24 M,LE286LY07,Ribbed Lilac / 18 - 24 M,True,
fruit-print-short-sleeve-bodysuit,7037120806998,19.50,9.75,Fruits,Newborn,LE002FU01,Fruits / Newborn,True,
fruit-print-short-sleeve-bodysuit,7037120806998,19.50,9.75,Fruits,0 - 3 M,LE002FU02,Fruits / 0 - 3 M,True,
fruit-print-short-sleeve-bodysuit,7037120806998,19.50,9.75,Fruits,3 - 6 M,LE002FU03,Fruits / 3 - 6 M,True,
fruit-print-short-sleeve-bodysuit,7037120806998,19.50,9.75,Fruits,6 - 9 M,LE002FU04,Fruits / 6 - 9 M,True,
fruit-print-short-sleeve-bodysuit,7037120806998,19.50,9.75,Fruits,9 - 12 M,LE002FU05,Fruits / 9 - 12 M,True,
fruit-print-short-sleeve-bodysuit,7037120806998,19.50,9.75,Fruits,12 - 18 M,LE002FU06,Fruits / 12 - 18 M,True,
fruit-print-short-sleeve-bodysuit,7037120806998,19.50,9.75,Fruits,18 - 24 M,LE002FU07,Fruits / 18 - 24 M,True,
clever-sleeping-bag-summer,1312122306674,60.00,42.00,Grey,,LE087B01,Grey,True,
clever-sleeping-bag-summer,1312122306674,60.00,42.00,Grey Stripe,,LE087F01,Grey Stripe,True,
clever-sleeping-bag-summer,1312122306674,60.00,42.00,Blush Stripe,,LE087E01,Blush Stripe,True,
clever-sleeping-bag-summer,1312122306674,60.00,42.00,Stardust,,LE087P01,Stardust,True,
clever-sleeping-bag-summer,1312122306674,60.00,42.00,Blue Stripe,,LE087C01,Blue Stripe,True,
ribbed-romper,4954501087318,27.50,19.25,Ribbed Berry,0 - 3 M,LE211BR02,Ribbed Berry / 0 - 3 M,False,
ribbed-romper,4954501087318,27.50,19.25,Ribbed Berry,3 - 6 M,LE211BR03,Ribbed Berry / 3 - 6 M,True,
ribbed-romper,4954501087318,27.50,19.25,Ribbed Berry,6 - 9 M,LE211BR04,Ribbed Berry / 6 - 9 M,True,
ribbed-romper,4954501087318,27.50,19.25,Ribbed Berry,9 - 12 M,LE211BR05,Ribbed Berry / 9 - 12 M,True,
ribbed-romper,4954501087318,27.50,19.25,Ribbed Berry,12 - 18 M,LE211BR06,Ribbed Berry / 12 - 18 M,True,
ribbed-romper,4954501087318,27.50,19.25,Ribbed Berry,18 - 24 M,LE211BR07,Ribbed Berry / 18 - 24 M,True,
ribbed-romper,4954501087318,27.50,19.25,Ribbed Navy,0 - 3 M,LE211N02,Ribbed Navy / 0 - 3 M,True,
ribbed-romper,4954501087318,27.50,19.25,Ribbed Navy,3 - 6 M,LE211N03,Ribbed Navy / 3 - 6 M,True,
ribbed-romper,4954501087318,27.50,19.25,Ribbed Navy,6 - 9 M,LE211N04,Ribbed Navy / 6 - 9 M,True,
ribbed-romper,4954501087318,27.50,19.25,Ribbed Navy,9 - 12 M,LE211N05,Ribbed Navy / 9 - 12 M,True,
ribbed-romper,4954501087318,27.50,19.25,Ribbed Navy,12 - 18 M,LE211N06,Ribbed Navy / 12 - 18 M,True,
ribbed-romper,4954501087318,27.50,19.25,Ribbed Navy,18 - 24 M,LE211N07,Ribbed Navy / 18 - 24 M,True,
ribbed-romper,4954501087318,27.50,19.25,Ribbed Sage,0 - 3 M,LE211V02,Ribbed Sage / 0 - 3 M,True,
ribbed-romper,4954501087318,27.50,19.25,Ribbed Sage,3 - 6 M,LE211V03,Ribbed Sage / 3 - 6 M,True,
ribbed-romper,4954501087318,27.50,19.25,Ribbed Sage,6 - 9 M,LE211V04,Ribbed Sage / 6 - 9 M,True,
ribbed-romper,4954501087318,27.50,19.25,Ribbed Sage,9 - 12 M,LE211V05,Ribbed Sage / 9 - 12 M,True,
ribbed-romper,4954501087318,27.50,19.25,Ribbed Sage,12 - 18 M,LE211V06,Ribbed Sage / 12 - 18 M,True,
ribbed-romper,4954501087318,27.50,19.25,Ribbed Sage,18 - 24 M,LE211V07,Ribbed Sage / 18 - 24 M,True,
ribbed-romper,4954501087318,27.50,19.25,Ribbed Blue,0 - 3 M,LE211SK02,Ribbed Blue / 0 - 3 M,True,
ribbed-romper,4954501087318,27.50,19.25,Ribbed Blue,3 - 6 M,LE211SK03,Ribbed Blue / 3 - 6 M,True,
ribbed-romper,4954501087318,27.50,19.25,Ribbed Blue,6 - 9 M,LE211SK04,Ribbed Blue / 6 - 9 M,True,
ribbed-romper,4954501087318,27.50,19.25,Ribbed Blue,9 - 12 M,LE211SK05,Ribbed Blue / 9 - 12 M,True,
ribbed-romper,4954501087318,27.50,19.25,Ribbed Blue,12 - 18 M,LE211SK06,Ribbed Blue / 12 - 18 M,True,
ribbed-romper,4954501087318,27.50,19.25,Ribbed Blue,18 - 24 M,LE211SK07,Ribbed Blue / 18 - 24 M,True,
ribbed-romper,4954501087318,27.50,19.25,Ribbed Blush,0 - 3 M,LE211E02,Ribbed Blush / 0 - 3 M,True,
ribbed-romper,4954501087318,27.50,19.25,Ribbed Blush,3 - 6 M,LE211E03,Ribbed Blush / 3 - 6 M,True,
ribbed-romper,4954501087318,27.50,19.25,Ribbed Blush,6 - 9 M,LE211E04,Ribbed Blush / 6 - 9 M,True,
ribbed-romper,4954501087318,27.50,19.25,Ribbed Blush,9 - 12 M,LE211E05,Ribbed Blush / 9 - 12 M,True,
ribbed-romper,4954501087318,27.50,19.25,Ribbed Blush,12 - 18 M,LE211E06,Ribbed Blush / 12 - 18 M,True,
ribbed-romper,4954501087318,27.50,19.25,Ribbed Blush,18 - 24 M,LE211E07,Ribbed Blush / 18 - 24 M,True,
ribbed-romper,4954501087318,27.50,19.25,Ribbed Orange,0 - 3 M,LE211OG02,Ribbed Orange / 0 - 3 M,True,
ribbed-romper,4954501087318,27.50,19.25,Ribbed Orange,3 - 6 M,LE211OG03,Ribbed Orange / 3 - 6 M,True,
ribbed-romper,4954501087318,27.50,19.25,Ribbed Orange,6 - 9 M,LE211OG04,Ribbed Orange / 6 - 9 M,True,
ribbed-romper,4954501087318,27.50,19.25,Ribbed Orange,9 - 12 M,LE211OG05,Ribbed Orange / 9 - 12 M,True,
ribbed-romper,4954501087318,27.50,19.25,Ribbed Orange,12 - 18 M,LE211OG06,Ribbed Orange / 12 - 18 M,True,
ribbed-romper,4954501087318,27.50,19.25,Ribbed Orange,18 - 24 M,LE211OG07,Ribbed Orange / 18 - 24 M,True,
mushie-travel-changing-mat,6575804743766,26.99,24.29,Green,,MUS070003,Green,False,
mushie-travel-changing-mat,6575804743766,26.99,24.29,Blush,,MUS070001,Blush,True,
mushie-travel-changing-mat,6575804743766,26.99,26.99,Natural,,MUS070002,Natural,True,
cellular-blanket-1,6860409765974,19.50,15.60,Mint,One size,BS200W01,Mint / One size,True,
cellular-blanket-1,6860409765974,19.50,15.60,Taupe,One size,BS200M01,Taupe / One size,True,
cellular-blanket-1,6860409765974,19.50,15.60,Blush,One size,BS200RO01,Blush / One size,True,
cellular-blanket-1,6860409765974,19.50,15.60,Grey,One size,BS200B01,Grey / One size,True,
cellular-blanket-1,6860409765974,19.50,15.60,Dark Blue,One size,BS200C01,Dark Blue / One size,True,
cellular-blanket-1,6860409765974,19.50,15.60,White,One size,BS200A01,White / One size,True,
ribbed-short-sleeve-bodysuit,6563230908502,18.50,14.80,Ribbed Sage,Newborn,LE288V01,Ribbed Sage / Newborn,True,
ribbed-short-sleeve-bodysuit,6563230908502,18.50,14.80,Ribbed Sage,0 - 3 M,LE288V02,Ribbed Sage / 0 - 3 M,False,
ribbed-short-sleeve-bodysuit,6563230908502,18.50,14.80,Ribbed Sage,3 - 6 M,LE288V03,Ribbed Sage / 3 - 6 M,False,
ribbed-short-sleeve-bodysuit,6563230908502,18.50,14.80,Ribbed Sage,6 - 9 M,LE288V04,Ribbed Sage / 6 - 9 M,False,
ribbed-short-sleeve-bodysuit,6563230908502,18.50,14.80,Ribbed Sage,9 - 12 M,LE288V05,Ribbed Sage / 9 - 12 M,True,
ribbed-short-sleeve-bodysuit,6563230908502,18.50,14.80,Ribbed Sage,12 - 18 M,LE288V06,Ribbed Sage / 12 - 18 M,False,
ribbed-short-sleeve-bodysuit,6563230908502,18.50,14.80,Ribbed Sage,18 - 24 M,LE288V07,Ribbed Sage / 18 - 24 M,False,
ribbed-short-sleeve-bodysuit,6563230908502,18.50,14.80,Ribbed Mint,Newborn,LE288W01,Ribbed Mint / Newborn,True,
ribbed-short-sleeve-bodysuit,6563230908502,18.50,14.80,Ribbed Mint,0 - 3 M,LE288W02,Ribbed Mint / 0 - 3 M,True,
ribbed-short-sleeve-bodysuit,6563230908502,18.50,14.80,Ribbed Mint,3 - 6 M,LE288W03,Ribbed Mint / 3 - 6 M,True,
ribbed-short-sleeve-bodysuit,6563230908502,18.50,14.80,Ribbed Mint,6 - 9 M,LE288W04,Ribbed Mint / 6 - 9 M,True,
ribbed-short-sleeve-bodysuit,6563230908502,18.50,14.80,Ribbed Mint,9 - 12 M,LE288W05,Ribbed Mint / 9 - 12 M,True,
ribbed-short-sleeve-bodysuit,6563230908502,18.50,14.80,Ribbed Mint,12 - 18 M,LE288W06,Ribbed Mint / 12 - 18 M,True,
ribbed-short-sleeve-bodysuit,6563230908502,18.50,14.80,Ribbed Mint,18 - 24 M,LE288W07,Ribbed Mint / 18 - 24 M,True,
ribbed-short-sleeve-bodysuit,6563230908502,18.50,14.80,Ribbed Blue,Newborn,LE288SK01,Ribbed Blue / Newborn,True,
ribbed-short-sleeve-bodysuit,6563230908502,18.50,14.80,Ribbed Blue,0 - 3 M,LE288SK02,Ribbed Blue / 0 - 3 M,True,
ribbed-short-sleeve-bodysuit,6563230908502,18.50,14.80,Ribbed Blue,3 - 6 M,LE288SK03,Ribbed Blue / 3 - 6 M,True,
ribbed-short-sleeve-bodysuit,6563230908502,18.50,14.80,Ribbed Blue,6 - 9 M,LE288SK04,Ribbed Blue / 6 - 9 M,True,
ribbed-short-sleeve-bodysuit,6563230908502,18.50,14.80,Ribbed Blue,9 - 12 M,LE288SK05,Ribbed Blue / 9 - 12 M,True,
ribbed-short-sleeve-bodysuit,6563230908502,18.50,14.80,Ribbed Blue,12 - 18 M,LE288SK06,Ribbed Blue / 12 - 18 M,True,
ribbed-short-sleeve-bodysuit,6563230908502,18.50,14.80,Ribbed Blue,18 - 24 M,LE288SK07,Ribbed Blue / 18 - 24 M,False,
ribbed-short-sleeve-bodysuit,6563230908502,18.50,14.80,Ribbed Navy,Newborn,LE288N01,Ribbed Navy / Newborn,True,
ribbed-short-sleeve-bodysuit,6563230908502,18.50,14.80,Ribbed Navy,0 - 3 M,LE288N02,Ribbed Navy / 0 - 3 M,True,
ribbed-short-sleeve-bodysuit,6563230908502,18.50,14.80,Ribbed Navy,3 - 6 M,LE288N03,Ribbed Navy / 3 - 6 M,True,
ribbed-short-sleeve-bodysuit,6563230908502,18.50,14.80,Ribbed Navy,6 - 9 M,LE288N04,Ribbed Navy / 6 - 9 M,True,
ribbed-short-sleeve-bodysuit,6563230908502,18.50,14.80,Ribbed Navy,9 - 12 M,LE288N05,Ribbed Navy / 9 - 12 M,True,
ribbed-short-sleeve-bodysuit,6563230908502,18.50,14.80,Ribbed Navy,12 - 18 M,LE288N06,Ribbed Navy / 12 - 18 M,True,
ribbed-short-sleeve-bodysuit,6563230908502,18.50,14.80,Ribbed Navy,18 - 24 M,LE288N07,Ribbed Navy / 18 - 24 M,True,
ribbed-short-sleeve-bodysuit,6563230908502,18.50,14.80,Ribbed Rose,Newborn,LE288RO01,Ribbed Rose / Newborn,True,
ribbed-short-sleeve-bodysuit,6563230908502,18.50,14.80,Ribbed Rose,0 - 3 M,LE288RO02,Ribbed Rose / 0 - 3 M,True,
ribbed-short-sleeve-bodysuit,6563230908502,18.50,14.80,Ribbed Rose,3 - 6 M,LE288RO03,Ribbed Rose / 3 - 6 M,True,
ribbed-short-sleeve-bodysuit,6563230908502,18.50,14.80,Ribbed Rose,6 - 9 M,LE288RO04,Ribbed Rose / 6 - 9 M,True,
ribbed-short-sleeve-bodysuit,6563230908502,18.50,14.80,Ribbed Rose,9 - 12 M,LE288RO05,Ribbed Rose / 9 - 12 M,True,
ribbed-short-sleeve-bodysuit,6563230908502,18.50,14.80,Ribbed Rose,12 - 18 M,LE288RO06,Ribbed Rose / 12 - 18 M,False,
ribbed-short-sleeve-bodysuit,6563230908502,18.50,14.80,Ribbed Rose,18 - 24 M,LE288RO07,Ribbed Rose / 18 - 24 M,True,
ribbed-short-sleeve-bodysuit,6563230908502,18.50,14.80,Ribbed Blush,Newborn,LE288E01,Ribbed Blush / Newborn,True,
ribbed-short-sleeve-bodysuit,6563230908502,18.50,14.80,Ribbed Blush,0 - 3 M,LE288E02,Ribbed Blush / 0 - 3 M,True,
ribbed-short-sleeve-bodysuit,6563230908502,18.50,14.80,Ribbed Blush,3 - 6 M,LE288E03,Ribbed Blush / 3 - 6 M,True,
ribbed-short-sleeve-bodysuit,6563230908502,18.50,14.80,Ribbed Blush,6 - 9 M,LE288E04,Ribbed Blush / 6 - 9 M,True,
ribbed-short-sleeve-bodysuit,6563230908502,18.50,14.80,Ribbed Blush,9 - 12 M,LE288E05,Ribbed Blush / 9 - 12 M,True,
ribbed-short-sleeve-bodysuit,6563230908502,18.50,14.80,Ribbed Blush,12 - 18 M,LE288E06,Ribbed Blush / 12 - 18 M,True,
ribbed-short-sleeve-bodysuit,6563230908502,18.50,14.80,Ribbed Blush,18 - 24 M,LE288E07,Ribbed Blush / 18 - 24 M,True,
ribbed-short-sleeve-bodysuit,6563230908502,18.50,14.80,Ribbed Ecru,Newborn,LE288EC01,Ribbed Ecru / Newborn,True,
ribbed-short-sleeve-bodysuit,6563230908502,18.50,14.80,Ribbed Ecru,0 - 3 M,LE288EC02,Ribbed Ecru / 0 - 3 M,True,
ribbed-short-sleeve-bodysuit,6563230908502,18.50,14.80,Ribbed Ecru,3 - 6 M,LE288EC03,Ribbed Ecru / 3 - 6 M,True,
ribbed-short-sleeve-bodysuit,6563230908502,18.50,14.80,Ribbed Ecru,6 - 9 M,LE288EC04,Ribbed Ecru / 6 - 9 M,True,
ribbed-short-sleeve-bodysuit,6563230908502,18.50,14.80,Ribbed Ecru,9 - 12 M,LE288EC05,Ribbed Ecru / 9 - 12 M,True,
ribbed-short-sleeve-bodysuit,6563230908502,18.50,14.80,Ribbed Ecru,12 - 18 M,LE288EC06,Ribbed Ecru / 12 - 18 M,True,
ribbed-short-sleeve-bodysuit,6563230908502,18.50,14.80,Ribbed Ecru,18 - 24 M,LE288EC07,Ribbed Ecru / 18 - 24 M,True,
ribbed-short-sleeve-bodysuit,6563230908502,18.50,14.80,Ribbed Yellow,Newborn,LE288G01,Ribbed Yellow / Newborn,True,
ribbed-short-sleeve-bodysuit,6563230908502,18.50,14.80,Ribbed Yellow,0 - 3 M,LE288G02,Ribbed Yellow / 0 - 3 M,True,
ribbed-short-sleeve-bodysuit,6563230908502,18.50,14.80,Ribbed Yellow,3 - 6 M,LE288G03,Ribbed Yellow / 3 - 6 M,True,
ribbed-short-sleeve-bodysuit,6563230908502,18.50,14.80,Ribbed Yellow,6 - 9 M,LE288G04,Ribbed Yellow / 6 - 9 M,True,
ribbed-short-sleeve-bodysuit,6563230908502,18.50,14.80,Ribbed Yellow,9 - 12 M,LE288G05,Ribbed Yellow / 9 - 12 M,False,
ribbed-short-sleeve-bodysuit,6563230908502,18.50,14.80,Ribbed Yellow,12 - 18 M,LE288G06,Ribbed Yellow / 12 - 18 M,False,
ribbed-short-sleeve-bodysuit,6563230908502,18.50,14.80,Ribbed Yellow,18 - 24 M,LE288G07,Ribbed Yellow / 18 - 24 M,False,
ribbed-short-sleeve-bodysuit,6563230908502,18.50,14.80,Ribbed Orange,Newborn,LE288OG01,Ribbed Orange / Newborn,True,
ribbed-short-sleeve-bodysuit,6563230908502,18.50,14.80,Ribbed Orange,0 - 3 M,LE288OG02,Ribbed Orange / 0 - 3 M,True,
ribbed-short-sleeve-bodysuit,6563230908502,18.50,14.80,Ribbed Orange,3 - 6 M,LE288OG03,Ribbed Orange / 3 - 6 M,True,
ribbed-short-sleeve-bodysuit,6563230908502,18.50,14.80,Ribbed Orange,6 - 9 M,LE288OG04,Ribbed Orange / 6 - 9 M,True,
ribbed-short-sleeve-bodysuit,6563230908502,18.50,14.80,Ribbed Orange,9 - 12 M,LE288OG05,Ribbed Orange / 9 - 12 M,True,
ribbed-short-sleeve-bodysuit,6563230908502,18.50,14.80,Ribbed Orange,12 - 18 M,LE288OG06,Ribbed Orange / 12 - 18 M,False,
ribbed-short-sleeve-bodysuit,6563230908502,18.50,14.80,Ribbed Orange,18 - 24 M,LE288OG07,Ribbed Orange / 18 - 24 M,True,
mori-starter-set,6874669776982,273.50,194.95,Blush Stripe,0 - 3 M,XBCG02E,Blush Stripe / 0 - 3 M / Summer,True,Summer
mori-starter-set,6874669776982,273.50,201.95,Blush Stripe,0 - 3 M,XBCH02E,Blush Stripe / 0 - 3 M / Year round,True,Year round
mori-starter-set,6874669776982,273.50,208.25,Blush Stripe,0 - 3 M,XBCI02E,Blush Stripe / 0 - 3 M / Winter,True,Winter
mori-starter-set,6874669776982,273.50,194.95,Blush Stripe,3 - 6 M,XBCG03E,Blush Stripe / 3 - 6 M / Summer,True,Summer
mori-starter-set,6874669776982,273.50,201.95,Blush Stripe,3 - 6 M,XBCH03E,Blush Stripe / 3 - 6 M / Year round,True,Year round
mori-starter-set,6874669776982,273.50,208.25,Blush Stripe,3 - 6 M,XBCI03E,Blush Stripe / 3 - 6 M / Winter,True,Winter
mori-starter-set,6874669776982,273.50,191.45,Blush Stripe,6 - 9 M,XBCG04E,Blush Stripe / 6 - 9 M / Summer,True,Summer
mori-starter-set,6874669776982,273.50,193.55,Blush Stripe,6 - 9 M,XBCH04E,Blush Stripe / 6 - 9 M / Year round,True,Year round
mori-starter-set,6874669776982,273.50,199.85,Blush Stripe,6 - 9 M,XBCI04E,Blush Stripe / 6 - 9 M / Winter,True,Winter
mori-starter-set,6874669776982,273.50,193.09,Blush Stripe,Newborn,XBCF01E,Blush Stripe / Newborn / Summer,True,Summer
mori-starter-set,6874669776982,273.50,194.95,Blue Stripe,0 - 3 M,XBCG02C,Blue Stripe / 0 - 3 M / Summer,True,Summer
mori-starter-set,6874669776982,273.50,201.95,Blue Stripe,0 - 3 M,XBCH02C,Blue Stripe / 0 - 3 M / Year round,True,Year round
mori-starter-set,6874669776982,273.50,208.25,Blue Stripe,0 - 3 M,XBCI02C,Blue Stripe / 0 - 3 M / Winter,True,Winter
mori-starter-set,6874669776982,273.50,193.09,Blue Stripe,3 - 6 M,XBCG03C,Blue Stripe / 3 - 6 M / Summer,True,Summer
mori-starter-set,6874669776982,273.50,201.95,Blue Stripe,3 - 6 M,XBCH03C,Blue Stripe / 3 - 6 M / Year round,True,Year round
mori-starter-set,6874669776982,273.50,208.25,Blue Stripe,3 - 6 M,XBCI03C,Blue Stripe / 3 - 6 M / Winter,True,Winter
mori-starter-set,6874669776982,273.50,191.45,Blue Stripe,6 - 9 M,XBCG04C,Blue Stripe / 6 - 9 M / Summer,True,Summer
mori-starter-set,6874669776982,273.50,193.55,Blue Stripe,6 - 9 M,XBCH04C,Blue Stripe / 6 - 9 M / Year round,True,Year round
mori-starter-set,6874669776982,273.50,199.85,Blue Stripe,6 - 9 M,XBCI04C,Blue Stripe / 6 - 9 M / Winter,True,Winter
mori-starter-set,6874669776982,273.50,193.09,Blue Stripe,Newborn,XBCF01C,Blue Stripe / Newborn / Summer,True,Summer
mori-starter-set,6874669776982,273.50,194.95,Grey,0 - 3 M,XBCG02B,Grey / 0 - 3 M / Summer,True,Summer
mori-starter-set,6874669776982,273.50,201.95,Grey,0 - 3 M,XBCH02B,Grey / 0 - 3 M / Year round,True,Year round
mori-starter-set,6874669776982,273.50,208.25,Grey,0 - 3 M,XBCI02B,Grey / 0 - 3 M / Winter,True,Winter
mori-starter-set,6874669776982,273.50,194.95,Grey,3 - 6 M,XBCG03B,Grey / 3 - 6 M / Summer,True,Summer
mori-starter-set,6874669776982,273.50,201.95,Grey,3 - 6 M,XBCH03B,Grey / 3 - 6 M / Year round,True,Year round
mori-starter-set,6874669776982,273.50,208.25,Grey,3 - 6 M,XBCI03B,Grey / 3 - 6 M / Winter,True,Winter
mori-starter-set,6874669776982,273.50,191.45,Grey,6 - 9 M,XBCG04B,Grey / 6 - 9 M / Summer,True,Summer
mori-starter-set,6874669776982,273.50,193.55,Grey,6 - 9 M,XBCH04B,Grey / 6 - 9 M / Year round,True,Year round
mori-starter-set,6874669776982,273.50,199.85,Grey,6 - 9 M,XBCI04B,Grey / 6 - 9 M / Winter,True,Winter
mori-starter-set,6874669776982,273.50,193.09,Grey,Newborn,XBCF01B,Grey / Newborn / Summer,True,Summer
mori-starter-set,6874669776982,273.50,194.95,Grey Stripe,0 - 3 M,XBCG02F,Grey Stripe / 0 - 3 M / Summer,True,Summer
mori-starter-set,6874669776982,273.50,201.95,Grey Stripe,0 - 3 M,XBCH02F,Grey Stripe / 0 - 3 M / Year round,True,Year round
mori-starter-set,6874669776982,273.50,208.25,Grey Stripe,0 - 3 M,XBCI02F,Grey Stripe / 0 - 3 M / Winter,True,Winter
mori-starter-set,6874669776982,273.50,193.09,Grey Stripe,3 - 6 M,XBCG03F,Grey Stripe / 3 - 6 M / Summer,True,Summer
mori-starter-set,6874669776982,273.50,201.95,Grey Stripe,3 - 6 M,XBCH03F,Grey Stripe / 3 - 6 M / Year round,True,Year round
mori-starter-set,6874669776982,273.50,208.25,Grey Stripe,3 - 6 M,XBCI03F,Grey Stripe / 3 - 6 M / Winter,True,Winter
mori-starter-set,6874669776982,273.50,191.45,Grey Stripe,6 - 9 M,XBCG04F,Grey Stripe / 6 - 9 M / Summer,True,Summer
mori-starter-set,6874669776982,273.50,193.55,Grey Stripe,6 - 9 M,XBCH04F,Grey Stripe / 6 - 9 M / Year round,True,Year round
mori-starter-set,6874669776982,273.50,199.85,Grey Stripe,6 - 9 M,XBCI04F,Grey Stripe / 6 - 9 M / Winter,True,Winter
mori-starter-set,6874669776982,273.50,193.09,Grey Stripe,Newborn,XBCF01F,Grey Stripe / Newborn / Summer,True,Summer
crab-ribbed-joggers,7002616594518,25.00,12.50,Orange,0 - 3 M,LE089OG02,Orange / 0 - 3 M,True,
crab-ribbed-joggers,7002616594518,25.00,12.50,Orange,3 - 6 M,LE089OG03,Orange / 3 - 6 M,True,
crab-ribbed-joggers,7002616594518,25.00,12.50,Orange,6 - 9 M,LE089OG04,Orange / 6 - 9 M,True,
crab-ribbed-joggers,7002616594518,25.00,12.50,Orange,9 - 12 M,LE089OG05,Orange / 9 - 12 M,True,
crab-ribbed-joggers,7002616594518,25.00,12.50,Orange,12 - 18 M,LE089OG06,Orange / 12 - 18 M,True,
crab-ribbed-joggers,7002616594518,25.00,12.50,Orange,18 - 24 M,LE089OG07,Orange / 18 - 24 M,True,
bbhugme-pregnancy-pillow,6583699701846,.0,145.35,Eucalyptus and coral,One Size,135602,Eucalyptus and coral / One Size,True,
bbhugme-pregnancy-pillow,6583699701846,.0,145.35,Stone and plum,One Size,135701,Stone and plum / One Size,True,
bbhugme-pregnancy-pillow,6583699701846,.0,153.00,Dusty Pink and Vanilla,One Size,135800,Dusty Pink and Vanilla / One Size,True,
bbhugme-pregnancy-pillow,6583699701846,.0,153.00,Seashell Beige,One Size,155457,Seashell Beige / One Size,True,
bbhugme-pregnancy-pillow,6583699701846,.0,153.00,Dusty Olive,One Size,131369,Dusty Olive / One Size,True,
long-sleeve-kimono-bodysuit,5512377859,22.50,20.25,White,Newborn,LE004A01,White / Newborn,True,
long-sleeve-kimono-bodysuit,5512377859,22.50,20.25,White,0 - 3 M,LE004A02,White / 0 - 3 M,True,
long-sleeve-kimono-bodysuit,5512377859,22.50,20.25,White,3 - 6 M,LE004A03,White / 3 - 6 M,True,
long-sleeve-kimono-bodysuit,5512377859,22.50,20.25,White,6 - 9 M,LE004A04,White / 6 - 9 M,True,
long-sleeve-kimono-bodysuit,5512377859,22.50,20.25,White,9 - 12 M,LE004A05,White / 9 - 12 M,True,
long-sleeve-kimono-bodysuit,5512377859,22.50,20.25,White,12 - 18 M,LE004A06,White / 12 - 18 M,True,
long-sleeve-kimono-bodysuit,5512377859,22.50,20.25,White,18 - 24 M,LE004A07,White / 18 - 24 M,True,
long-sleeve-kimono-bodysuit,5512377859,22.50,20.25,Blush Stripe,Newborn,LE004E01,Blush Stripe / Newborn,False,
long-sleeve-kimono-bodysuit,5512377859,22.50,20.25,Blush Stripe,0 - 3 M,LE004E02,Blush Stripe / 0 - 3 M,True,
long-sleeve-kimono-bodysuit,5512377859,22.50,20.25,Blush Stripe,3 - 6 M,LE004E03,Blush Stripe / 3 - 6 M,True,
long-sleeve-kimono-bodysuit,5512377859,22.50,20.25,Blush Stripe,6 - 9 M,LE004E04,Blush Stripe / 6 - 9 M,True,
long-sleeve-kimono-bodysuit,5512377859,22.50,20.25,Blush Stripe,9 - 12 M,LE004E05,Blush Stripe / 9 - 12 M,False,
long-sleeve-kimono-bodysuit,5512377859,22.50,20.25,Blush Stripe,12 - 18 M,LE004E06,Blush Stripe / 12 - 18 M,False,
long-sleeve-kimono-bodysuit,5512377859,22.50,20.25,Blush Stripe,18 - 24 M,LE004E07,Blush Stripe / 18 - 24 M,True,
long-sleeve-kimono-bodysuit,5512377859,22.50,20.25,Blue Stripe,Newborn,LE004C01,Blue Stripe / Newborn,True,
long-sleeve-kimono-bodysuit,5512377859,22.50,20.25,Blue Stripe,0 - 3 M,LE004C02,Blue Stripe / 0 - 3 M,True,
long-sleeve-kimono-bodysuit,5512377859,22.50,20.25,Blue Stripe,3 - 6 M,LE004C03,Blue Stripe / 3 - 6 M,True,
long-sleeve-kimono-bodysuit,5512377859,22.50,20.25,Blue Stripe,6 - 9 M,LE004C04,Blue Stripe / 6 - 9 M,True,
long-sleeve-kimono-bodysuit,5512377859,22.50,20.25,Blue Stripe,9 - 12 M,LE004C05,Blue Stripe / 9 - 12 M,True,
long-sleeve-kimono-bodysuit,5512377859,22.50,20.25,Blue Stripe,12 - 18 M,LE004C06,Blue Stripe / 12 - 18 M,True,
long-sleeve-kimono-bodysuit,5512377859,22.50,20.25,Blue Stripe,18 - 24 M,LE004C07,Blue Stripe / 18 - 24 M,True,
long-sleeve-kimono-bodysuit,5512377859,22.50,20.25,Grey Stripe,Newborn,LE004F01,Grey Stripe / Newborn,True,
long-sleeve-kimono-bodysuit,5512377859,22.50,20.25,Grey Stripe,0 - 3 M,LE004F02,Grey Stripe / 0 - 3 M,True,
long-sleeve-kimono-bodysuit,5512377859,22.50,20.25,Grey Stripe,3 - 6 M,LE004F03,Grey Stripe / 3 - 6 M,True,
long-sleeve-kimono-bodysuit,5512377859,22.50,20.25,Grey Stripe,6 - 9 M,LE004F04,Grey Stripe / 6 - 9 M,True,
long-sleeve-kimono-bodysuit,5512377859,22.50,20.25,Grey Stripe,9 - 12 M,LE004F05,Grey Stripe / 9 - 12 M,True,
long-sleeve-kimono-bodysuit,5512377859,22.50,20.25,Grey Stripe,12 - 18 M,LE004F06,Grey Stripe / 12 - 18 M,True,
long-sleeve-kimono-bodysuit,5512377859,22.50,20.25,Grey Stripe,18 - 24 M,LE004F07,Grey Stripe / 18 - 24 M,True,
long-sleeve-kimono-bodysuit,5512377859,22.50,20.25,Grey,Newborn,LE004B01,Grey / Newborn,True,
long-sleeve-kimono-bodysuit,5512377859,22.50,20.25,Grey,0 - 3 M,LE004B02,Grey / 0 - 3 M,True,
long-sleeve-kimono-bodysuit,5512377859,22.50,20.25,Grey,3 - 6 M,LE004B03,Grey / 3 - 6 M,True,
long-sleeve-kimono-bodysuit,5512377859,22.50,20.25,Grey,6 - 9 M,LE004B04,Grey / 6 - 9 M,True,
long-sleeve-kimono-bodysuit,5512377859,22.50,20.25,Grey,9 - 12 M,LE004B05,Grey / 9 - 12 M,True,
long-sleeve-kimono-bodysuit,5512377859,22.50,20.25,Grey,12 - 18 M,LE004B06,Grey / 12 - 18 M,True,
long-sleeve-kimono-bodysuit,5512377859,22.50,20.25,Grey,18 - 24 M,LE004B07,Grey / 18 - 24 M,True,
ribbed-frill-collar-bodysuit,4599620272214,22.50,15.75,Ribbed Blush,0 - 3 M,LE155E02,Ribbed Blush / 0 - 3 M,True,
ribbed-frill-collar-bodysuit,4599620272214,22.50,15.75,Ribbed Blush,3 - 6 M,LE155E03,Ribbed Blush / 3 - 6 M,True,
ribbed-frill-collar-bodysuit,4599620272214,22.50,15.75,Ribbed Blush,6 - 9 M,LE155E04,Ribbed Blush / 6 - 9 M,True,
ribbed-frill-collar-bodysuit,4599620272214,22.50,15.75,Ribbed Blush,9 - 12 M,LE155E05,Ribbed Blush / 9 - 12 M,True,
ribbed-frill-collar-bodysuit,4599620272214,22.50,15.75,Ribbed Blush,12 - 18 M,LE155E06,Ribbed Blush / 12 - 18 M,True,
ribbed-frill-collar-bodysuit,4599620272214,22.50,15.75,Ribbed Blue,0 - 3 M,LE155SK02,Ribbed Blue / 0 - 3 M,False,
ribbed-frill-collar-bodysuit,4599620272214,22.50,15.75,Ribbed Ecru,0 - 3 M,LE155EC02,Ribbed Ecru / 0 - 3 M,True,
ribbed-frill-collar-bodysuit,4599620272214,22.50,15.75,Ribbed Blue,3 - 6 M,LE155SK03,Ribbed Blue / 3 - 6 M,False,
ribbed-frill-collar-bodysuit,4599620272214,22.50,15.75,Ribbed Ecru,3 - 6 M,LE155EC03,Ribbed Ecru / 3 - 6 M,True,
ribbed-frill-collar-bodysuit,4599620272214,22.50,15.75,Ribbed Blue,6 - 9 M,LE155SK04,Ribbed Blue / 6 - 9 M,False,
ribbed-frill-collar-bodysuit,4599620272214,22.50,15.75,Ribbed Ecru,6 - 9 M,LE155EC04,Ribbed Ecru / 6 - 9 M,True,
ribbed-frill-collar-bodysuit,4599620272214,22.50,15.75,Ribbed Blue,9 - 12 M,LE155SK05,Ribbed Blue / 9 - 12 M,False,
ribbed-frill-collar-bodysuit,4599620272214,22.50,15.75,Ribbed Ecru,9 - 12 M,LE155EC05,Ribbed Ecru / 9 - 12 M,True,
ribbed-frill-collar-bodysuit,4599620272214,22.50,15.75,Ribbed Blue,12 - 18 M,LE155SK06,Ribbed Blue / 12 - 18 M,False,
ribbed-frill-collar-bodysuit,4599620272214,22.50,15.75,Ribbed Ecru,12 - 18 M,LE155EC06,Ribbed Ecru / 12 - 18 M,True,
bedtime-set,7202320387,92.00,73.60,Grey,Newborn,XSTES01B,Grey / Newborn / 0.5 TOG,True,0.5 TOG
bedtime-set,7202320387,92.00,77.60,Grey,Newborn,XOFZ01B,Grey / Newborn / 1.5 TOG,True,1.5 TOG
bedtime-set,7202320387,92.00,81.60,Grey,Newborn,XSTEW01B,Grey / Newborn / 2.5 TOG,True,2.5 TOG
bedtime-set,7202320387,92.00,73.60,Grey,0 - 3 M,XSTES02B,Grey / 0 - 3 M / 0.5 TOG,True,0.5 TOG
bedtime-set,7202320387,92.00,77.60,Grey,0 - 3 M,XOFZ02B,Grey / 0 - 3 M / 1.5 TOG,True,1.5 TOG
bedtime-set,7202320387,92.00,81.60,Grey,0 - 3 M,XSTEW02B,Grey / 0 - 3 M / 2.5 TOG,True,2.5 TOG
bedtime-set,7202320387,92.00,73.60,Grey,3 - 6 M,XSTES03B,Grey / 3 - 6 M / 0.5 TOG,True,0.5 TOG
bedtime-set,7202320387,92.00,77.60,Grey,3 - 6 M,XOFZ03B,Grey / 3 - 6 M / 1.5 TOG,True,1.5 TOG
bedtime-set,7202320387,92.00,81.60,Grey,3 - 6 M,XSTEW03B,Grey / 3 - 6 M / 2.5 TOG,True,2.5 TOG
bedtime-set,7202320387,92.00,73.60,Grey,6 - 9 M,XSTES04B,Grey / 6 - 9 M / 0.5 TOG,True,0.5 TOG
bedtime-set,7202320387,92.00,77.60,Grey,6 - 9 M,XOFZ04B,Grey / 6 - 9 M / 1.5 TOG,True,1.5 TOG
bedtime-set,7202320387,92.00,81.60,Grey,6 - 9 M,XSTEW04B,Grey / 6 - 9 M / 2.5 TOG,True,2.5 TOG
bedtime-set,7202320387,92.00,73.60,Grey,9 - 12 M,XSTES05B,Grey / 9 - 12 M / 0.5 TOG,True,0.5 TOG
bedtime-set,7202320387,92.00,77.60,Grey,9 - 12 M,XOFZ05B,Grey / 9 - 12 M / 1.5 TOG,True,1.5 TOG
bedtime-set,7202320387,92.00,81.60,Grey,9 - 12 M,XSTEW05B,Grey / 9 - 12 M / 2.5 TOG,True,2.5 TOG
bedtime-set,7202320387,92.00,73.60,Grey,12 - 18 M,XSTES06B,Grey / 12 - 18 M / 0.5 TOG,True,0.5 TOG
bedtime-set,7202320387,92.00,77.60,Grey,12 - 18 M,XOFZ06B,Grey / 12 - 18 M / 1.5 TOG,True,1.5 TOG
bedtime-set,7202320387,92.00,81.60,Grey,12 - 18 M,XSTEW06B,Grey / 12 - 18 M / 2.5 TOG,True,2.5 TOG
bedtime-set,7202320387,92.00,73.60,Grey,18 - 24 M,XSTES07B,Grey / 18 - 24 M / 0.5 TOG,True,0.5 TOG
bedtime-set,7202320387,92.00,81.60,Grey,18 - 24 M,XSTEW07B,Grey / 18 - 24 M / 2.5 TOG,True,2.5 TOG
bedtime-set,7202320387,92.00,73.60,Blush Stripe,Newborn,XSTES01F,Blush Stripe / Newborn / 0.5 TOG,True,0.5 TOG
bedtime-set,7202320387,92.00,77.60,Blush Stripe,Newborn,XOFZ01E,Blush Stripe / Newborn / 1.5 TOG,True,1.5 TOG
bedtime-set,7202320387,92.00,81.60,Blush Stripe,Newborn,XSTEW01F,Blush Stripe / Newborn / 2.5 TOG,True,2.5 TOG
bedtime-set,7202320387,92.00,73.60,Blush Stripe,0 - 3 M,XSTES02F,Blush Stripe / 0 - 3 M / 0.5 TOG,True,0.5 TOG
bedtime-set,7202320387,92.00,77.60,Blush Stripe,0 - 3 M,XOFZ02E,Blush Stripe / 0 - 3 M / 1.5 TOG,True,1.5 TOG
bedtime-set,7202320387,92.00,81.60,Blush Stripe,0 - 3 M,XSTEW02F,Blush Stripe / 0 - 3 M / 2.5 TOG,True,2.5 TOG
bedtime-set,7202320387,92.00,73.60,Blush Stripe,3 - 6 M,XSTES03F,Blush Stripe / 3 - 6 M / 0.5 TOG,True,0.5 TOG
bedtime-set,7202320387,92.00,77.60,Blush Stripe,3 - 6 M,XOFZ03E,Blush Stripe / 3 - 6 M / 1.5 TOG,True,1.5 TOG
bedtime-set,7202320387,92.00,81.60,Blush Stripe,3 - 6 M,XSTEW03F,Blush Stripe / 3 - 6 M / 2.5 TOG,True,2.5 TOG
bedtime-set,7202320387,92.00,73.60,Blush Stripe,6 - 9 M,XSTES04F,Blush Stripe / 6 - 9 M / 0.5 TOG,True,0.5 TOG
bedtime-set,7202320387,92.00,77.60,Blush Stripe,6 - 9 M,XOFZ04E,Blush Stripe / 6 - 9 M / 1.5 TOG,True,1.5 TOG
bedtime-set,7202320387,92.00,81.60,Blush Stripe,6 - 9 M,XSTEW04F,Blush Stripe / 6 - 9 M / 2.5 TOG,True,2.5 TOG
bedtime-set,7202320387,92.00,73.60,Blush Stripe,9 - 12 M,XSTES05F,Blush Stripe / 9 - 12 M / 0.5 TOG,True,0.5 TOG
bedtime-set,7202320387,92.00,77.60,Blush Stripe,9 - 12 M,XOFZ05E,Blush Stripe / 9 - 12 M / 1.5 TOG,True,1.5 TOG
bedtime-set,7202320387,92.00,81.60,Blush Stripe,9 - 12 M,XSTEW05F,Blush Stripe / 9 - 12 M / 2.5 TOG,True,2.5 TOG
bedtime-set,7202320387,92.00,73.60,Blush Stripe,12 - 18 M,XSTES06F,Blush Stripe / 12 - 18 M / 0.5 TOG,True,0.5 TOG
bedtime-set,7202320387,92.00,77.60,Blush Stripe,12 - 18 M,XOFZ06E,Blush Stripe / 12 - 18 M / 1.5 TOG,True,1.5 TOG
bedtime-set,7202320387,92.00,81.60,Blush Stripe,12 - 18 M,XSTEW06F,Blush Stripe / 12 - 18 M / 2.5 TOG,True,2.5 TOG
bedtime-set,7202320387,92.00,73.60,Blush Stripe,18 - 24 M,XSTES07F,Blush Stripe / 18 - 24 M / 0.5 TOG,True,0.5 TOG
bedtime-set,7202320387,92.00,81.60,Blush Stripe,18 - 24 M,XSTEW07F,Blush Stripe / 18 - 24 M / 2.5 TOG,True,2.5 TOG
bedtime-set,7202320387,92.00,73.60,Blue Stripe,Newborn,XSTES01C,Blue Stripe / Newborn / 0.5 TOG,True,0.5 TOG
bedtime-set,7202320387,92.00,77.60,Blue Stripe,Newborn,XOFZ01C,Blue Stripe / Newborn / 1.5 TOG,True,1.5 TOG
bedtime-set,7202320387,92.00,81.60,Blue Stripe,Newborn,XSTEW01C,Blue Stripe / Newborn / 2.5 TOG,True,2.5 TOG
bedtime-set,7202320387,92.00,73.60,Blue Stripe,0 - 3 M,XSTES02C,Blue Stripe / 0 - 3 M / 0.5 TOG,True,0.5 TOG
bedtime-set,7202320387,92.00,77.60,Blue Stripe,0 - 3 M,XOFZ02C,Blue Stripe / 0 - 3 M / 1.5 TOG,True,1.5 TOG
bedtime-set,7202320387,92.00,81.60,Blue Stripe,0 - 3 M,XSTEW02C,Blue Stripe / 0 - 3 M / 2.5 TOG,True,2.5 TOG
bedtime-set,7202320387,92.00,73.60,Blue Stripe,3 - 6 M,XSTES03C,Blue Stripe / 3 - 6 M / 0.5 TOG,True,0.5 TOG
bedtime-set,7202320387,92.00,77.60,Blue Stripe,3 - 6 M,XOFZ03C,Blue Stripe / 3 - 6 M / 1.5 TOG,True,1.5 TOG
bedtime-set,7202320387,92.00,81.60,Blue Stripe,3 - 6 M,XSTEW03C,Blue Stripe / 3 - 6 M / 2.5 TOG,True,2.5 TOG
bedtime-set,7202320387,92.00,73.60,Blue Stripe,6 - 9 M,XSTES04C,Blue Stripe / 6 - 9 M / 0.5 TOG,True,0.5 TOG
bedtime-set,7202320387,92.00,77.60,Blue Stripe,6 - 9 M,XOFZ04C,Blue Stripe / 6 - 9 M / 1.5 TOG,True,1.5 TOG
bedtime-set,7202320387,92.00,81.60,Blue Stripe,6 - 9 M,XSTEW04C,Blue Stripe / 6 - 9 M / 2.5 TOG,True,2.5 TOG
bedtime-set,7202320387,92.00,73.60,Blue Stripe,9 - 12 M,XSTES05C,Blue Stripe / 9 - 12 M / 0.5 TOG,True,0.5 TOG
bedtime-set,7202320387,92.00,77.60,Blue Stripe,9 - 12 M,XOFZ05C,Blue Stripe / 9 - 12 M / 1.5 TOG,True,1.5 TOG
bedtime-set,7202320387,92.00,81.60,Blue Stripe,9 - 12 M,XSTEW05C,Blue Stripe / 9 - 12 M / 2.5 TOG,True,2.5 TOG
bedtime-set,7202320387,92.00,73.60,Blue Stripe,12 - 18 M,XSTES06C,Blue Stripe / 12 - 18 M / 0.5 TOG,True,0.5 TOG
bedtime-set,7202320387,92.00,77.60,Blue Stripe,12 - 18 M,XOFZ06C,Blue Stripe / 12 - 18 M / 1.5 TOG,True,1.5 TOG
bedtime-set,7202320387,92.00,81.60,Blue Stripe,12 - 18 M,XSTEW06C,Blue Stripe / 12 - 18 M / 2.5 TOG,True,2.5 TOG
bedtime-set,7202320387,92.00,73.60,Blue Stripe,18 - 24 M,XSTES07C,Blue Stripe / 18 - 24 M / 0.5 TOG,True,0.5 TOG
bedtime-set,7202320387,92.00,81.60,Blue Stripe,18 - 24 M,XSTEW07C,Blue Stripe / 18 - 24 M / 2.5 TOG,True,2.5 TOG
ribbed-long-sleeve-bodysuit,4935131660374,19.50,13.65,Ribbed Mint,Newborn,LE208W01,Ribbed Mint / Newborn,True,
ribbed-long-sleeve-bodysuit,4935131660374,19.50,13.65,Ribbed Mint,0 - 3 M,LE208W02,Ribbed Mint / 0 - 3 M,True,
ribbed-long-sleeve-bodysuit,4935131660374,19.50,13.65,Ribbed Mint,3 - 6 M,LE208W03,Ribbed Mint / 3 - 6 M,True,
ribbed-long-sleeve-bodysuit,4935131660374,19.50,13.65,Ribbed Mint,6 - 9 M,LE208W04,Ribbed Mint / 6 - 9 M,True,
ribbed-long-sleeve-bodysuit,4935131660374,19.50,13.65,Ribbed Mint,9 - 12 M,LE208W05,Ribbed Mint / 9 - 12 M,True,
ribbed-long-sleeve-bodysuit,4935131660374,19.50,13.65,Ribbed Mint,12 - 18 M,LE208W06,Ribbed Mint / 12 - 18 M,True,
ribbed-long-sleeve-bodysuit,4935131660374,19.50,13.65,Ribbed Mint,18 - 24 M,LE208W07,Ribbed Mint / 18 - 24 M,True,
ribbed-long-sleeve-bodysuit,4935131660374,19.50,13.65,Ribbed Blue,Newborn,LE208SK01,Ribbed Blue / Newborn,True,
ribbed-long-sleeve-bodysuit,4935131660374,19.50,13.65,Ribbed Blue,0 - 3 M,LE208SK02,Ribbed Blue / 0 - 3 M,True,
ribbed-long-sleeve-bodysuit,4935131660374,19.50,13.65,Ribbed Blue,3 - 6 M,LE208SK03,Ribbed Blue / 3 - 6 M,True,
ribbed-long-sleeve-bodysuit,4935131660374,19.50,13.65,Ribbed Blue,6 - 9 M,LE208SK04,Ribbed Blue / 6 - 9 M,True,
ribbed-long-sleeve-bodysuit,4935131660374,19.50,13.65,Ribbed Blue,9 - 12 M,LE208SK05,Ribbed Blue / 9 - 12 M,True,
ribbed-long-sleeve-bodysuit,4935131660374,19.50,13.65,Ribbed Blue,12 - 18 M,LE208SK06,Ribbed Blue / 12 - 18 M,True,
ribbed-long-sleeve-bodysuit,4935131660374,19.50,13.65,Ribbed Blue,18 - 24 M,LE208SK07,Ribbed Blue / 18 - 24 M,True,
ribbed-long-sleeve-bodysuit,4935131660374,19.50,13.65,Ribbed Navy,Newborn,LE208N01,Ribbed Navy / Newborn,True,
ribbed-long-sleeve-bodysuit,4935131660374,19.50,13.65,Ribbed Navy,0 - 3 M,LE208N02,Ribbed Navy / 0 - 3 M,True,
ribbed-long-sleeve-bodysuit,4935131660374,19.50,13.65,Ribbed Navy,3 - 6 M,LE208N03,Ribbed Navy / 3 - 6 M,True,
ribbed-long-sleeve-bodysuit,4935131660374,19.50,13.65,Ribbed Navy,6 - 9 M,LE208N04,Ribbed Navy / 6 - 9 M,True,
ribbed-long-sleeve-bodysuit,4935131660374,19.50,13.65,Ribbed Navy,9 - 12 M,LE208N05,Ribbed Navy / 9 - 12 M,True,
ribbed-long-sleeve-bodysuit,4935131660374,19.50,13.65,Ribbed Navy,12 - 18 M,LE208N06,Ribbed Navy / 12 - 18 M,True,
ribbed-long-sleeve-bodysuit,4935131660374,19.50,13.65,Ribbed Navy,18 - 24 M,LE208N07,Ribbed Navy / 18 - 24 M,True,
ribbed-long-sleeve-bodysuit,4935131660374,19.50,13.65,Ribbed Rose,Newborn,LE208RO01,Ribbed Rose / Newborn,True,
ribbed-long-sleeve-bodysuit,4935131660374,19.50,13.65,Ribbed Rose,0 - 3 M,LE208RO02,Ribbed Rose / 0 - 3 M,True,
ribbed-long-sleeve-bodysuit,4935131660374,19.50,13.65,Ribbed Rose,3 - 6 M,LE208RO03,Ribbed Rose / 3 - 6 M,True,
ribbed-long-sleeve-bodysuit,4935131660374,19.50,13.65,Ribbed Rose,6 - 9 M,LE208RO04,Ribbed Rose / 6 - 9 M,True,
ribbed-long-sleeve-bodysuit,4935131660374,19.50,13.65,Ribbed Rose,9 - 12 M,LE208RO05,Ribbed Rose / 9 - 12 M,True,
ribbed-long-sleeve-bodysuit,4935131660374,19.50,13.65,Ribbed Rose,12 - 18 M,LE208RO06,Ribbed Rose / 12 - 18 M,True,
ribbed-long-sleeve-bodysuit,4935131660374,19.50,13.65,Ribbed Rose,18 - 24 M,LE208RO07,Ribbed Rose / 18 - 24 M,True,
ribbed-long-sleeve-bodysuit,4935131660374,19.50,13.65,Ribbed Blush,Newborn,LE208E01,Ribbed Blush / Newborn,True,
ribbed-long-sleeve-bodysuit,4935131660374,19.50,13.65,Ribbed Blush,0 - 3 M,LE208E02,Ribbed Blush / 0 - 3 M,True,
ribbed-long-sleeve-bodysuit,4935131660374,19.50,13.65,Ribbed Blush,3 - 6 M,LE208E03,Ribbed Blush / 3 - 6 M,True,
ribbed-long-sleeve-bodysuit,4935131660374,19.50,13.65,Ribbed Blush,6 - 9 M,LE208E04,Ribbed Blush / 6 - 9 M,True,
ribbed-long-sleeve-bodysuit,4935131660374,19.50,13.65,Ribbed Blush,9 - 12 M,LE208E05,Ribbed Blush / 9 - 12 M,True,
ribbed-long-sleeve-bodysuit,4935131660374,19.50,13.65,Ribbed Blush,12 - 18 M,LE208E06,Ribbed Blush / 12 - 18 M,True,
ribbed-long-sleeve-bodysuit,4935131660374,19.50,13.65,Ribbed Blush,18 - 24 M,LE208E07,Ribbed Blush / 18 - 24 M,True,
ribbed-long-sleeve-bodysuit,4935131660374,19.50,13.65,Ribbed Ecru,Newborn,LE208EC01,Ribbed Ecru / Newborn,True,
ribbed-long-sleeve-bodysuit,4935131660374,19.50,13.65,Ribbed Ecru,0 - 3 M,LE208EC02,Ribbed Ecru / 0 - 3 M,True,
ribbed-long-sleeve-bodysuit,4935131660374,19.50,13.65,Ribbed Ecru,3 - 6 M,LE208EC03,Ribbed Ecru / 3 - 6 M,True,
ribbed-long-sleeve-bodysuit,4935131660374,19.50,13.65,Ribbed Ecru,6 - 9 M,LE208EC04,Ribbed Ecru / 6 - 9 M,True,
ribbed-long-sleeve-bodysuit,4935131660374,19.50,13.65,Ribbed Ecru,9 - 12 M,LE208EC05,Ribbed Ecru / 9 - 12 M,True,
ribbed-long-sleeve-bodysuit,4935131660374,19.50,13.65,Ribbed Ecru,12 - 18 M,LE208EC06,Ribbed Ecru / 12 - 18 M,True,
ribbed-long-sleeve-bodysuit,4935131660374,19.50,13.65,Ribbed Ecru,18 - 24 M,LE208EC07,Ribbed Ecru / 18 - 24 M,True,
ribbed-long-sleeve-bodysuit,4935131660374,19.50,13.65,Ribbed Sage,Newborn,LE208V01,Ribbed Sage / Newborn,True,
ribbed-long-sleeve-bodysuit,4935131660374,19.50,13.65,Ribbed Sage,0 - 3 M,LE208V02,Ribbed Sage / 0 - 3 M,True,
ribbed-long-sleeve-bodysuit,4935131660374,19.50,13.65,Ribbed Sage,3 - 6 M,LE208V03,Ribbed Sage / 3 - 6 M,True,
ribbed-long-sleeve-bodysuit,4935131660374,19.50,13.65,Ribbed Sage,6 - 9 M,LE208V04,Ribbed Sage / 6 - 9 M,True,
ribbed-long-sleeve-bodysuit,4935131660374,19.50,13.65,Ribbed Sage,9 - 12 M,LE208V05,Ribbed Sage / 9 - 12 M,True,
ribbed-long-sleeve-bodysuit,4935131660374,19.50,13.65,Ribbed Sage,12 - 18 M,LE208V06,Ribbed Sage / 12 - 18 M,True,
ribbed-long-sleeve-bodysuit,4935131660374,19.50,13.65,Ribbed Sage,18 - 24 M,LE208V07,Ribbed Sage / 18 - 24 M,True,
ribbed-short-sleeve-t-shirt-shorts-outfit,6563230679126,29.50,23.60,Ribbed Blush,0 - 3 M,XBBD02E,Ribbed Blush / 0 - 3 M,True,
ribbed-short-sleeve-t-shirt-shorts-outfit,6563230679126,29.50,23.60,Ribbed Blush,3 - 6 M,XBBD03E,Ribbed Blush / 3 - 6 M,True,
ribbed-short-sleeve-t-shirt-shorts-outfit,6563230679126,29.50,23.60,Ribbed Blush,6 - 9 M,XBBD04E,Ribbed Blush / 6 - 9 M,True,
ribbed-short-sleeve-t-shirt-shorts-outfit,6563230679126,29.50,23.60,Ribbed Blush,9 - 12 M,XBBD05E,Ribbed Blush / 9 - 12 M,True,
ribbed-short-sleeve-t-shirt-shorts-outfit,6563230679126,29.50,23.60,Ribbed Blush,12 - 18 M,XBBD06E,Ribbed Blush / 12 - 18 M,True,
ribbed-short-sleeve-t-shirt-shorts-outfit,6563230679126,29.50,23.60,Ribbed Blush,18 - 24 M,XBBD07E,Ribbed Blush / 18 - 24 M,True,
ribbed-short-sleeve-t-shirt-shorts-outfit,6563230679126,29.50,26.80,Ribbed Blush,2 - 3 Y,XBBD08E,Ribbed Blush / 2 - 3 Y,True,
ribbed-short-sleeve-t-shirt-shorts-outfit,6563230679126,29.50,26.80,Ribbed Blush,3 - 4 Y,XBBD09E,Ribbed Blush / 3 - 4 Y,True,
ribbed-short-sleeve-t-shirt-shorts-outfit,6563230679126,29.50,26.80,Ribbed Blush,4 - 5 Y,XBBD18E,Ribbed Blush / 4 - 5 Y,True,
ribbed-short-sleeve-t-shirt-shorts-outfit,6563230679126,29.50,26.80,Ribbed Blush,5 - 6 Y,XBBD19E,Ribbed Blush / 5 - 6 Y,True,
ribbed-short-sleeve-t-shirt-shorts-outfit,6563230679126,29.50,23.60,Ribbed Orange,0 - 3 M,XBBD02OG,Ribbed Orange / 0 - 3 M,True,
ribbed-short-sleeve-t-shirt-shorts-outfit,6563230679126,29.50,23.60,Ribbed Orange,3 - 6 M,XBBD03OG,Ribbed Orange / 3 - 6 M,True,
ribbed-short-sleeve-t-shirt-shorts-outfit,6563230679126,29.50,23.60,Ribbed Orange,6 - 9 M,XBBD04OG,Ribbed Orange / 6 - 9 M,True,
ribbed-short-sleeve-t-shirt-shorts-outfit,6563230679126,29.50,23.60,Ribbed Orange,9 - 12 M,XBBD05OG,Ribbed Orange / 9 - 12 M,True,
ribbed-short-sleeve-t-shirt-shorts-outfit,6563230679126,29.50,23.60,Ribbed Orange,12 - 18 M,XBBD06OG,Ribbed Orange / 12 - 18 M,True,
ribbed-short-sleeve-t-shirt-shorts-outfit,6563230679126,29.50,23.60,Ribbed Orange,18 - 24 M,XBBD07OG,Ribbed Orange / 18 - 24 M,True,
ribbed-short-sleeve-t-shirt-shorts-outfit,6563230679126,29.50,26.80,Ribbed Orange,2 - 3 Y,XBBD08OG,Ribbed Orange / 2 - 3 Y,True,
ribbed-short-sleeve-t-shirt-shorts-outfit,6563230679126,29.50,26.80,Ribbed Orange,3 - 4 Y,XBBD09OG,Ribbed Orange / 3 - 4 Y,True,
ribbed-short-sleeve-t-shirt-shorts-outfit,6563230679126,29.50,26.80,Ribbed Orange,4 - 5 Y,XBBD18OG,Ribbed Orange / 4 - 5 Y,True,
ribbed-short-sleeve-t-shirt-shorts-outfit,6563230679126,29.50,26.80,Ribbed Orange,5 - 6 Y,XBBD19OG,Ribbed Orange / 5 - 6 Y,True,
ribbed-short-sleeve-t-shirt-shorts-outfit,6563230679126,29.50,23.60,Ribbed Yellow,0 - 3 M,XBBD02G,Ribbed Yellow / 0 - 3 M,True,
ribbed-short-sleeve-t-shirt-shorts-outfit,6563230679126,29.50,23.60,Ribbed Yellow,3 - 6 M,XBBD03G,Ribbed Yellow / 3 - 6 M,True,
ribbed-short-sleeve-t-shirt-shorts-outfit,6563230679126,29.50,23.60,Ribbed Yellow,6 - 9 M,XBBD04G,Ribbed Yellow / 6 - 9 M,True,
ribbed-short-sleeve-t-shirt-shorts-outfit,6563230679126,29.50,23.60,Ribbed Yellow,9 - 12 M,XBBD05G,Ribbed Yellow / 9 - 12 M,True,
ribbed-short-sleeve-t-shirt-shorts-outfit,6563230679126,29.50,23.60,Ribbed Yellow,12 - 18 M,XBBD06G,Ribbed Yellow / 12 - 18 M,True,
ribbed-short-sleeve-t-shirt-shorts-outfit,6563230679126,29.50,23.60,Ribbed Yellow,18 - 24 M,XBBD07G,Ribbed Yellow / 18 - 24 M,True,
ribbed-short-sleeve-t-shirt-shorts-outfit,6563230679126,29.50,26.80,Ribbed Yellow,2 - 3 Y,XBBD08G,Ribbed Yellow / 2 - 3 Y,False,
ribbed-short-sleeve-t-shirt-shorts-outfit,6563230679126,29.50,26.80,Ribbed Yellow,3 - 4 Y,XBBD09G,Ribbed Yellow / 3 - 4 Y,True,
ribbed-short-sleeve-t-shirt-shorts-outfit,6563230679126,29.50,26.80,Ribbed Yellow,4 - 5 Y,XBBD18G,Ribbed Yellow / 4 - 5 Y,True,
ribbed-short-sleeve-t-shirt-shorts-outfit,6563230679126,29.50,26.80,Ribbed Yellow,5 - 6 Y,XBBD19G,Ribbed Yellow / 5 - 6 Y,False,
ribbed-short-sleeve-t-shirt-shorts-outfit,6563230679126,29.50,23.60,Ribbed Sage,0 - 3 M,XBBD02V,Ribbed Sage / 0 - 3 M,True,
ribbed-short-sleeve-t-shirt-shorts-outfit,6563230679126,29.50,23.60,Ribbed Sage,3 - 6 M,XBBD03V,Ribbed Sage / 3 - 6 M,True,
ribbed-short-sleeve-t-shirt-shorts-outfit,6563230679126,29.50,23.60,Ribbed Sage,6 - 9 M,XBBD04V,Ribbed Sage / 6 - 9 M,True,
ribbed-short-sleeve-t-shirt-shorts-outfit,6563230679126,29.50,23.60,Ribbed Sage,9 - 12 M,XBBD05V,Ribbed Sage / 9 - 12 M,True,
ribbed-short-sleeve-t-shirt-shorts-outfit,6563230679126,29.50,23.60,Ribbed Sage,12 - 18 M,XBBD06V,Ribbed Sage / 12 - 18 M,True,
ribbed-short-sleeve-t-shirt-shorts-outfit,6563230679126,29.50,23.60,Ribbed Sage,18 - 24 M,XBBD07V,Ribbed Sage / 18 - 24 M,True,
ribbed-short-sleeve-t-shirt-shorts-outfit,6563230679126,29.50,26.80,Ribbed Sage,2 - 3 Y,XBBD08V,Ribbed Sage / 2 - 3 Y,True,
ribbed-short-sleeve-t-shirt-shorts-outfit,6563230679126,29.50,26.80,Ribbed Sage,3 - 4 Y,XBBD09V,Ribbed Sage / 3 - 4 Y,True,
ribbed-short-sleeve-t-shirt-shorts-outfit,6563230679126,29.50,26.80,Ribbed Sage,4 - 5 Y,XBBD18V,Ribbed Sage / 4 - 5 Y,True,
ribbed-short-sleeve-t-shirt-shorts-outfit,6563230679126,29.50,26.80,Ribbed Sage,5 - 6 Y,XBBD19V,Ribbed Sage / 5 - 6 Y,True,
ribbed-short-sleeve-t-shirt-shorts-outfit,6563230679126,29.50,23.60,Ribbed Mint,0 - 3 M,XBBD02W,Ribbed Mint / 0 - 3 M,True,
ribbed-short-sleeve-t-shirt-shorts-outfit,6563230679126,29.50,23.60,Ribbed Mint,3 - 6 M,XBBD03W,Ribbed Mint / 3 - 6 M,True,
ribbed-short-sleeve-t-shirt-shorts-outfit,6563230679126,29.50,23.60,Ribbed Mint,6 - 9 M,XBBD04W,Ribbed Mint / 6 - 9 M,True,
ribbed-short-sleeve-t-shirt-shorts-outfit,6563230679126,29.50,23.60,Ribbed Mint,9 - 12 M,XBBD05W,Ribbed Mint / 9 - 12 M,True,
ribbed-short-sleeve-t-shirt-shorts-outfit,6563230679126,29.50,23.60,Ribbed Mint,12 - 18 M,XBBD06W,Ribbed Mint / 12 - 18 M,True,
ribbed-short-sleeve-t-shirt-shorts-outfit,6563230679126,29.50,23.60,Ribbed Mint,18 - 24 M,XBBD07W,Ribbed Mint / 18 - 24 M,True,
ribbed-short-sleeve-t-shirt-shorts-outfit,6563230679126,29.50,26.80,Ribbed Mint,2 - 3 Y,XBBD08W,Ribbed Mint / 2 - 3 Y,True,
ribbed-short-sleeve-t-shirt-shorts-outfit,6563230679126,29.50,26.80,Ribbed Mint,3 - 4 Y,XBBD09W,Ribbed Mint / 3 - 4 Y,True,
ribbed-short-sleeve-t-shirt-shorts-outfit,6563230679126,29.50,26.80,Ribbed Mint,4 - 5 Y,XBBD18W,Ribbed Mint / 4 - 5 Y,True,
ribbed-short-sleeve-t-shirt-shorts-outfit,6563230679126,29.50,26.80,Ribbed Mint,5 - 6 Y,XBBD19W,Ribbed Mint / 5 - 6 Y,True,
ribbed-short-sleeve-t-shirt-shorts-outfit,6563230679126,29.50,23.60,Ribbed Blue,0 - 3 M,XBBD02SK,Ribbed Blue / 0 - 3 M,True,
ribbed-short-sleeve-t-shirt-shorts-outfit,6563230679126,29.50,23.60,Ribbed Blue,3 - 6 M,XBBD03SK,Ribbed Blue / 3 - 6 M,True,
ribbed-short-sleeve-t-shirt-shorts-outfit,6563230679126,29.50,23.60,Ribbed Blue,6 - 9 M,XBBD04SK,Ribbed Blue / 6 - 9 M,True,
ribbed-short-sleeve-t-shirt-shorts-outfit,6563230679126,29.50,23.60,Ribbed Blue,9 - 12 M,XBBD05SK,Ribbed Blue / 9 - 12 M,True,
ribbed-short-sleeve-t-shirt-shorts-outfit,6563230679126,29.50,23.60,Ribbed Blue,12 - 18 M,XBBD06SK,Ribbed Blue / 12 - 18 M,True,
ribbed-short-sleeve-t-shirt-shorts-outfit,6563230679126,29.50,23.60,Ribbed Blue,18 - 24 M,XBBD07SK,Ribbed Blue / 18 - 24 M,True,
ribbed-short-sleeve-t-shirt-shorts-outfit,6563230679126,29.50,26.80,Ribbed Blue,2 - 3 Y,XBBD08SK,Ribbed Blue / 2 - 3 Y,True,
ribbed-short-sleeve-t-shirt-shorts-outfit,6563230679126,29.50,26.80,Ribbed Blue,3 - 4 Y,XBBD09SK,Ribbed Blue / 3 - 4 Y,True,
ribbed-short-sleeve-t-shirt-shorts-outfit,6563230679126,29.50,26.80,Ribbed Blue,4 - 5 Y,XBBD18SK,Ribbed Blue / 4 - 5 Y,True,
ribbed-short-sleeve-t-shirt-shorts-outfit,6563230679126,29.50,26.80,Ribbed Blue,5 - 6 Y,XBBD19SK,Ribbed Blue / 5 - 6 Y,True,
ribbed-short-sleeve-t-shirt-shorts-outfit,6563230679126,29.50,23.60,Ribbed Navy,0 - 3 M,XBBD02N,Ribbed Navy / 0 - 3 M,True,
ribbed-short-sleeve-t-shirt-shorts-outfit,6563230679126,29.50,23.60,Ribbed Navy,3 - 6 M,XBBD03N,Ribbed Navy / 3 - 6 M,True,
ribbed-short-sleeve-t-shirt-shorts-outfit,6563230679126,29.50,23.60,Ribbed Navy,6 - 9 M,XBBD04N,Ribbed Navy / 6 - 9 M,True,
ribbed-short-sleeve-t-shirt-shorts-outfit,6563230679126,29.50,23.60,Ribbed Navy,9 - 12 M,XBBD05N,Ribbed Navy / 9 - 12 M,True,
ribbed-short-sleeve-t-shirt-shorts-outfit,6563230679126,29.50,23.60,Ribbed Navy,12 - 18 M,XBBD06N,Ribbed Navy / 12 - 18 M,True,
ribbed-short-sleeve-t-shirt-shorts-outfit,6563230679126,29.50,23.60,Ribbed Navy,18 - 24 M,XBBD07N,Ribbed Navy / 18 - 24 M,True,
ribbed-short-sleeve-t-shirt-shorts-outfit,6563230679126,29.50,26.80,Ribbed Navy,2 - 3 Y,XBBD08N,Ribbed Navy / 2 - 3 Y,True,
ribbed-short-sleeve-t-shirt-shorts-outfit,6563230679126,29.50,26.80,Ribbed Navy,3 - 4 Y,XBBD09N,Ribbed Navy / 3 - 4 Y,False,
ribbed-short-sleeve-t-shirt-shorts-outfit,6563230679126,29.50,26.80,Ribbed Navy,4 - 5 Y,XBBD18N,Ribbed Navy / 4 - 5 Y,True,
ribbed-short-sleeve-t-shirt-shorts-outfit,6563230679126,29.50,26.80,Ribbed Navy,5 - 6 Y,XBBD19N,Ribbed Navy / 5 - 6 Y,True,
ribbed-short-sleeve-t-shirt-shorts-outfit,6563230679126,29.50,23.60,Ribbed Rose,0 - 3 M,XBBD02RO,Ribbed Rose / 0 - 3 M,True,
ribbed-short-sleeve-t-shirt-shorts-outfit,6563230679126,29.50,23.60,Ribbed Rose,3 - 6 M,XBBD03RO,Ribbed Rose / 3 - 6 M,True,
ribbed-short-sleeve-t-shirt-shorts-outfit,6563230679126,29.50,23.60,Ribbed Rose,6 - 9 M,XBBD04RO,Ribbed Rose / 6 - 9 M,True,
ribbed-short-sleeve-t-shirt-shorts-outfit,6563230679126,29.50,23.60,Ribbed Rose,9 - 12 M,XBBD05RO,Ribbed Rose / 9 - 12 M,True,
ribbed-short-sleeve-t-shirt-shorts-outfit,6563230679126,29.50,23.60,Ribbed Rose,12 - 18 M,XBBD06RO,Ribbed Rose / 12 - 18 M,True,
ribbed-short-sleeve-t-shirt-shorts-outfit,6563230679126,29.50,23.60,Ribbed Rose,18 - 24 M,XBBD07RO,Ribbed Rose / 18 - 24 M,True,
ribbed-short-sleeve-t-shirt-shorts-outfit,6563230679126,29.50,26.80,Ribbed Rose,2 - 3 Y,XBBD08RO,Ribbed Rose / 2 - 3 Y,True,
ribbed-short-sleeve-t-shirt-shorts-outfit,6563230679126,29.50,26.80,Ribbed Rose,3 - 4 Y,XBBD09RO,Ribbed Rose / 3 - 4 Y,False,
ribbed-short-sleeve-t-shirt-shorts-outfit,6563230679126,29.50,26.80,Ribbed Rose,4 - 5 Y,XBBD18RO,Ribbed Rose / 4 - 5 Y,False,
ribbed-short-sleeve-t-shirt-shorts-outfit,6563230679126,29.50,26.80,Ribbed Rose,5 - 6 Y,XBBD19RO,Ribbed Rose / 5 - 6 Y,True,
pre-washed-muslin-regular,6860409176150,11.00,7.70,Grey,,AC005B02,Grey,True,
pre-washed-muslin-regular,6860409176150,11.00,7.70,Blue,,AC005C02,Blue,True,
pre-washed-muslin-regular,6860409176150,11.00,7.70,Blush,,AC005D02,Blush,True,
pre-washed-muslin-regular,6860409176150,11.00,7.70,Mint,,AC005V02,Mint,True,
pre-washed-muslin-regular,6860409176150,11.00,7.70,White,,AC005A02,White,True,
everyday-joggers,5575892035,23.00,18.40,Blue Stripe and White,Newborn,LE008C01,Blue Stripe and White / Newborn,True,
everyday-joggers,5575892035,23.00,18.40,Blue Stripe and White,0 - 3 M,LE008C02,Blue Stripe and White / 0 - 3 M,True,
everyday-joggers,5575892035,23.00,18.40,Blue Stripe and White,3 - 6 M,LE008C03,Blue Stripe and White / 3 - 6 M,True,
everyday-joggers,5575892035,23.00,18.40,Blue Stripe and White,6 - 9 M,LE008C04,Blue Stripe and White / 6 - 9 M,True,
everyday-joggers,5575892035,23.00,18.40,Blue Stripe and White,9 - 12 M,LE008C05,Blue Stripe and White / 9 - 12 M,True,
everyday-joggers,5575892035,23.00,18.40,Blue Stripe and White,12 - 18 M,LE008C06,Blue Stripe and White / 12 - 18 M,True,
everyday-joggers,5575892035,23.00,18.40,Blue Stripe and White,18 - 24 M,LE008C07,Blue Stripe and White / 18 - 24 M,True,
everyday-joggers,5575892035,23.00,18.40,Blue Stripe and White,2 - 3 Y,LE008C08,Blue Stripe and White / 2 - 3 Y,True,
everyday-joggers,5575892035,23.00,18.40,White and Grey,Newborn,LE008A01,White and Grey / Newborn,True,
everyday-joggers,5575892035,23.00,18.40,White and Grey,0 - 3 M,LE008A02,White and Grey / 0 - 3 M,True,
everyday-joggers,5575892035,23.00,18.40,White and Grey,3 - 6 M,LE008A03,White and Grey / 3 - 6 M,True,
everyday-joggers,5575892035,23.00,18.40,White and Grey,6 - 9 M,LE008A04,White and Grey / 6 - 9 M,True,
everyday-joggers,5575892035,23.00,18.40,White and Grey,9 - 12 M,LE008A05,White and Grey / 9 - 12 M,True,
everyday-joggers,5575892035,23.00,18.40,White and Grey,12 - 18 M,LE008A06,White and Grey / 12 - 18 M,True,
everyday-joggers,5575892035,23.00,18.40,White and Grey,18 - 24 M,LE008A07,White and Grey / 18 - 24 M,True,
everyday-joggers,5575892035,23.00,18.40,White and Grey,2 - 3 Y,LE008A08,White and Grey / 2 - 3 Y,True,
everyday-joggers,5575892035,23.00,18.40,Grey Stripe and White,Newborn,LE008F01,Grey Stripe and White / Newborn,True,
everyday-joggers,5575892035,23.00,18.40,Grey Stripe and White,0 - 3 M,LE008F02,Grey Stripe and White / 0 - 3 M,True,
everyday-joggers,5575892035,23.00,18.40,Grey Stripe and White,3 - 6 M,LE008F03,Grey Stripe and White / 3 - 6 M,True,
everyday-joggers,5575892035,23.00,18.40,Grey Stripe and White,6 - 9 M,LE008F04,Grey Stripe and White / 6 - 9 M,True,
everyday-joggers,5575892035,23.00,18.40,Grey Stripe and White,9 - 12 M,LE008F05,Grey Stripe and White / 9 - 12 M,True,
everyday-joggers,5575892035,23.00,18.40,Grey Stripe and White,12 - 18 M,LE008F06,Grey Stripe and White / 12 - 18 M,True,
everyday-joggers,5575892035,23.00,18.40,Grey Stripe and White,18 - 24 M,LE008F07,Grey Stripe and White / 18 - 24 M,True,
everyday-joggers,5575892035,23.00,18.40,Grey Stripe and White,2 - 3 Y,LE008F08,Grey Stripe and White / 2 - 3 Y,True,
everyday-joggers,5575892035,23.00,18.40,White and Blush Stripe,Newborn,LE008E01,White and Blush Stripe / Newborn,True,
everyday-joggers,5575892035,23.00,18.40,White and Blush Stripe,0 - 3 M,LE008E02,White and Blush Stripe / 0 - 3 M,True,
everyday-joggers,5575892035,23.00,18.40,White and Blush Stripe,3 - 6 M,LE008E03,White and Blush Stripe / 3 - 6 M,True,
everyday-joggers,5575892035,23.00,18.40,White and Blush Stripe,6 - 9 M,LE008E04,White and Blush Stripe / 6 - 9 M,True,
everyday-joggers,5575892035,23.00,18.40,White and Blush Stripe,9 - 12 M,LE008E05,White and Blush Stripe / 9 - 12 M,True,
everyday-joggers,5575892035,23.00,18.40,White and Blush Stripe,12 - 18 M,LE008E06,White and Blush Stripe / 12 - 18 M,True,
everyday-joggers,5575892035,23.00,18.40,White and Blush Stripe,18 - 24 M,LE008E07,White and Blush Stripe / 18 - 24 M,True,
everyday-joggers,5575892035,23.00,18.40,White and Blush Stripe,2 - 3 Y,LE008E08,White and Blush Stripe / 2 - 3 Y,True,
short-sleeve-bodysuit-4-pack,11310660110,74.00,55.50,Blush Stripe,Newborn,XBSS01E,Blush Stripe / Newborn,True,
short-sleeve-bodysuit-4-pack,11310660110,74.00,55.50,Blush Stripe,0 - 3 M,XBSS02E,Blush Stripe / 0 - 3 M,True,
short-sleeve-bodysuit-4-pack,11310660110,74.00,55.50,Blush Stripe,3 - 6 M,XBSS03E,Blush Stripe / 3 - 6 M,True,
short-sleeve-bodysuit-4-pack,11310660110,74.00,55.50,Blush Stripe,6 - 9 M,XBSS04E,Blush Stripe / 6 - 9 M,True,
short-sleeve-bodysuit-4-pack,11310660110,74.00,55.50,Blush Stripe,9 - 12 M,XBSS05E,Blush Stripe / 9 - 12 M,True,
short-sleeve-bodysuit-4-pack,11310660110,74.00,55.50,Blush Stripe,12 - 18 M,XBSS06E,Blush Stripe / 12 - 18 M,True,
short-sleeve-bodysuit-4-pack,11310660110,74.00,55.50,Blush Stripe,18 - 24 M,XBSS07E,Blush Stripe / 18 - 24 M,True,
short-sleeve-bodysuit-4-pack,11310660110,74.00,55.50,Blue Stripe,Newborn,XBSS01C,Blue Stripe / Newborn,True,
short-sleeve-bodysuit-4-pack,11310660110,74.00,55.50,Blue Stripe,0 - 3 M,XBSS02C,Blue Stripe / 0 - 3 M,True,
short-sleeve-bodysuit-4-pack,11310660110,74.00,55.50,Blue Stripe,3 - 6 M,XBSS03C,Blue Stripe / 3 - 6 M,True,
short-sleeve-bodysuit-4-pack,11310660110,74.00,55.50,Blue Stripe,6 - 9 M,XBSS04C,Blue Stripe / 6 - 9 M,True,
short-sleeve-bodysuit-4-pack,11310660110,74.00,55.50,Blue Stripe,9 - 12 M,XBSS05C,Blue Stripe / 9 - 12 M,True,
short-sleeve-bodysuit-4-pack,11310660110,74.00,55.50,Blue Stripe,12 - 18 M,XBSS06C,Blue Stripe / 12 - 18 M,True,
short-sleeve-bodysuit-4-pack,11310660110,74.00,55.50,Blue Stripe,18 - 24 M,XBSS07C,Blue Stripe / 18 - 24 M,True,
short-sleeve-bodysuit-4-pack,11310660110,74.00,55.50,Grey,Newborn,XBSS01B,Grey / Newborn,True,
short-sleeve-bodysuit-4-pack,11310660110,74.00,55.50,Grey,0 - 3 M,XBSS02B,Grey / 0 - 3 M,True,
short-sleeve-bodysuit-4-pack,11310660110,74.00,55.50,Grey,3 - 6 M,XBSS03B,Grey / 3 - 6 M,True,
short-sleeve-bodysuit-4-pack,11310660110,74.00,55.50,Grey,6 - 9 M,XBSS04B,Grey / 6 - 9 M,True,
short-sleeve-bodysuit-4-pack,11310660110,74.00,55.50,Grey,9 - 12 M,XBSS05B,Grey / 9 - 12 M,True,
short-sleeve-bodysuit-4-pack,11310660110,74.00,55.50,Grey,12 - 18 M,XBSS06B,Grey / 12 - 18 M,False,
short-sleeve-bodysuit-4-pack,11310660110,74.00,55.50,Grey,18 - 24 M,XBSS07B,Grey / 18 - 24 M,True,
short-sleeve-bodysuit-4-pack,11310660110,74.00,55.50,White,Newborn,XBSS01A,White / Newborn,True,
short-sleeve-bodysuit-4-pack,11310660110,74.00,55.50,White,0 - 3 M,XBSS02A,White / 0 - 3 M,True,
short-sleeve-bodysuit-4-pack,11310660110,74.00,55.50,White,3 - 6 M,XBSS03A,White / 3 - 6 M,True,
short-sleeve-bodysuit-4-pack,11310660110,74.00,55.50,White,6 - 9 M,XBSS04A,White / 6 - 9 M,True,
short-sleeve-bodysuit-4-pack,11310660110,74.00,55.50,White,9 - 12 M,XBSS05A,White / 9 - 12 M,True,
short-sleeve-bodysuit-4-pack,11310660110,74.00,55.50,White,12 - 18 M,XBSS06A,White / 12 - 18 M,True,
short-sleeve-bodysuit-4-pack,11310660110,74.00,55.50,White,18 - 24 M,XBSS07A,White / 18 - 24 M,True,
ribbed-pyjama-set,4599620173910,32.50,22.75,Ribbed Rose,0 - 3 M,LE153RO02,Ribbed Rose / 0 - 3 M,True,
ribbed-pyjama-set,4599620173910,32.50,22.75,Ribbed Rose,3 - 6 M,LE153RO03,Ribbed Rose / 3 - 6 M,True,
ribbed-pyjama-set,4599620173910,32.50,22.75,Ribbed Rose,6 - 9 M,LE153RO04,Ribbed Rose / 6 - 9 M,True,
ribbed-pyjama-set,4599620173910,32.50,22.75,Ribbed Rose,9 - 12 M,LE153RO05,Ribbed Rose / 9 - 12 M,True,
ribbed-pyjama-set,4599620173910,32.50,22.75,Ribbed Rose,12 - 18 M,LE153RO06,Ribbed Rose / 12 - 18 M,True,
ribbed-pyjama-set,4599620173910,32.50,22.75,Ribbed Rose,18 - 24 M,LE153RO07,Ribbed Rose / 18 - 24 M,True,
ribbed-pyjama-set,4599620173910,32.50,24.15,Ribbed Rose,2 - 3 Y,LE153RO08,Ribbed Rose / 2 - 3 Y,True,
ribbed-pyjama-set,4599620173910,32.50,24.15,Ribbed Rose,3 - 4 Y,LE153RO09,Ribbed Rose / 3 - 4 Y,True,
ribbed-pyjama-set,4599620173910,32.50,24.15,Ribbed Rose,4 - 5 Y,LE153RO18,Ribbed Rose / 4 - 5 Y,True,
ribbed-pyjama-set,4599620173910,32.50,24.15,Ribbed Rose,5 - 6 Y,LE153RO19,Ribbed Rose / 5 - 6 Y,True,
ribbed-pyjama-set,4599620173910,32.50,22.75,Ribbed Pine,0 - 3 M,LE153PN02,Ribbed Pine / 0 - 3 M,False,
ribbed-pyjama-set,4599620173910,32.50,22.75,Ribbed Pine,3 - 6 M,LE153PN03,Ribbed Pine / 3 - 6 M,True,
ribbed-pyjama-set,4599620173910,32.50,22.75,Ribbed Pine,6 - 9 M,LE153PN04,Ribbed Pine / 6 - 9 M,True,
ribbed-pyjama-set,4599620173910,32.50,22.75,Ribbed Pine,9 - 12 M,LE153PN05,Ribbed Pine / 9 - 12 M,True,
ribbed-pyjama-set,4599620173910,32.50,22.75,Ribbed Pine,12 - 18 M,LE153PN06,Ribbed Pine / 12 - 18 M,True,
ribbed-pyjama-set,4599620173910,32.50,22.75,Ribbed Pine,18 - 24 M,LE153PN07,Ribbed Pine / 18 - 24 M,True,
ribbed-pyjama-set,4599620173910,32.50,24.15,Ribbed Pine,2 - 3 Y,LE153PN08,Ribbed Pine / 2 - 3 Y,False,
ribbed-pyjama-set,4599620173910,32.50,24.15,Ribbed Pine,3 - 4 Y,LE153PN09,Ribbed Pine / 3 - 4 Y,False,
ribbed-pyjama-set,4599620173910,32.50,24.15,Ribbed Pine,4 - 5 Y,LE153PN18,Ribbed Pine / 4 - 5 Y,False,
ribbed-pyjama-set,4599620173910,32.50,24.15,Ribbed Pine,5 - 6 Y,LE153PN19,Ribbed Pine / 5 - 6 Y,False,
ribbed-pyjama-set,4599620173910,32.50,22.75,Ribbed Navy,0 - 3 M,LE153N02,Ribbed Navy / 0 - 3 M,True,
ribbed-pyjama-set,4599620173910,32.50,22.75,Ribbed Navy,3 - 6 M,LE153N03,Ribbed Navy / 3 - 6 M,True,
ribbed-pyjama-set,4599620173910,32.50,22.75,Ribbed Navy,6 - 9 M,LE153N04,Ribbed Navy / 6 - 9 M,True,
ribbed-pyjama-set,4599620173910,32.50,22.75,Ribbed Navy,9 - 12 M,LE153N05,Ribbed Navy / 9 - 12 M,True,
ribbed-pyjama-set,4599620173910,32.50,22.75,Ribbed Navy,12 - 18 M,LE153N06,Ribbed Navy / 12 - 18 M,True,
ribbed-pyjama-set,4599620173910,32.50,22.75,Ribbed Navy,18 - 24 M,LE153N07,Ribbed Navy / 18 - 24 M,True,
ribbed-pyjama-set,4599620173910,32.50,24.15,Ribbed Navy,2 - 3 Y,LE153N08,Ribbed Navy / 2 - 3 Y,True,
ribbed-pyjama-set,4599620173910,32.50,24.15,Ribbed Navy,3 - 4 Y,LE153N09,Ribbed Navy / 3 - 4 Y,True,
ribbed-pyjama-set,4599620173910,32.50,24.15,Ribbed Navy,4 - 5 Y,LE153N18,Ribbed Navy / 4 - 5 Y,True,
ribbed-pyjama-set,4599620173910,32.50,24.15,Ribbed Navy,5 - 6 Y,LE153N19,Ribbed Navy / 5 - 6 Y,True,
ribbed-pyjama-set,4599620173910,32.50,22.75,Ribbed Berry,0 - 3 M,LE153BR02,Ribbed Berry / 0 - 3 M,True,
ribbed-pyjama-set,4599620173910,32.50,22.75,Ribbed Berry,3 - 6 M,LE153BR03,Ribbed Berry / 3 - 6 M,True,
ribbed-pyjama-set,4599620173910,32.50,22.75,Ribbed Berry,6 - 9 M,LE153BR04,Ribbed Berry / 6 - 9 M,True,
ribbed-pyjama-set,4599620173910,32.50,22.75,Ribbed Berry,9 - 12 M,LE153BR05,Ribbed Berry / 9 - 12 M,True,
ribbed-pyjama-set,4599620173910,32.50,22.75,Ribbed Berry,12 - 18 M,LE153BR06,Ribbed Berry / 12 - 18 M,True,
ribbed-pyjama-set,4599620173910,32.50,22.75,Ribbed Berry,18 - 24 M,LE153BR07,Ribbed Berry / 18 - 24 M,True,
ribbed-pyjama-set,4599620173910,32.50,24.15,Ribbed Berry,2 - 3 Y,LE153BR08,Ribbed Berry / 2 - 3 Y,False,
ribbed-pyjama-set,4599620173910,32.50,24.15,Ribbed Berry,3 - 4 Y,LE153BR09,Ribbed Berry / 3 - 4 Y,False,
ribbed-pyjama-set,4599620173910,32.50,24.15,Ribbed Berry,4 - 5 Y,LE153BR18,Ribbed Berry / 4 - 5 Y,True,
ribbed-pyjama-set,4599620173910,32.50,24.15,Ribbed Berry,5 - 6 Y,LE153BR19,Ribbed Berry / 5 - 6 Y,False,
ribbed-pyjama-set,4599620173910,32.50,22.75,Ribbed Blue,0 - 3 M,LE153SK02,Ribbed Blue / 0 - 3 M,True,
ribbed-pyjama-set,4599620173910,32.50,22.75,Ribbed Blue,3 - 6 M,LE153SK03,Ribbed Blue / 3 - 6 M,True,
ribbed-pyjama-set,4599620173910,32.50,22.75,Ribbed Blue,6 - 9 M,LE153SK04,Ribbed Blue / 6 - 9 M,True,
ribbed-pyjama-set,4599620173910,32.50,22.75,Ribbed Blue,9 - 12 M,LE153SK05,Ribbed Blue / 9 - 12 M,True,
ribbed-pyjama-set,4599620173910,32.50,22.75,Ribbed Blue,12 - 18 M,LE153SK06,Ribbed Blue / 12 - 18 M,True,
ribbed-pyjama-set,4599620173910,32.50,22.75,Ribbed Blue,18 - 24 M,LE153SK07,Ribbed Blue / 18 - 24 M,True,
ribbed-pyjama-set,4599620173910,32.50,24.15,Ribbed Blue,2 - 3 Y,LE153SK08,Ribbed Blue / 2 - 3 Y,True,
ribbed-pyjama-set,4599620173910,32.50,24.15,Ribbed Blue,3 - 4 Y,LE153SK09,Ribbed Blue / 3 - 4 Y,True,
ribbed-pyjama-set,4599620173910,32.50,24.15,Ribbed Blue,4 - 5 Y,LE153SK18,Ribbed Blue / 4 - 5 Y,True,
ribbed-pyjama-set,4599620173910,32.50,24.15,Ribbed Blue,5 - 6 Y,LE153SK19,Ribbed Blue / 5 - 6 Y,True,
ribbed-pyjama-set,4599620173910,32.50,22.75,Ribbed Mint,0 - 3 M,LE153W02,Ribbed Mint / 0 - 3 M,True,
ribbed-pyjama-set,4599620173910,32.50,22.75,Ribbed Mint,3 - 6 M,LE153W03,Ribbed Mint / 3 - 6 M,True,
ribbed-pyjama-set,4599620173910,32.50,22.75,Ribbed Mint,6 - 9 M,LE153W04,Ribbed Mint / 6 - 9 M,True,
ribbed-pyjama-set,4599620173910,32.50,22.75,Ribbed Mint,9 - 12 M,LE153W05,Ribbed Mint / 9 - 12 M,True,
ribbed-pyjama-set,4599620173910,32.50,22.75,Ribbed Mint,12 - 18 M,LE153W06,Ribbed Mint / 12 - 18 M,True,
ribbed-pyjama-set,4599620173910,32.50,22.75,Ribbed Mint,18 - 24 M,LE153W07,Ribbed Mint / 18 - 24 M,True,
ribbed-pyjama-set,4599620173910,32.50,24.15,Ribbed Mint,2 - 3 Y,LE153W08,Ribbed Mint / 2 - 3 Y,True,
ribbed-pyjama-set,4599620173910,32.50,24.15,Ribbed Mint,3 - 4 Y,LE153W09,Ribbed Mint / 3 - 4 Y,True,
ribbed-pyjama-set,4599620173910,32.50,24.15,Ribbed Mint,4 - 5 Y,LE153W18,Ribbed Mint / 4 - 5 Y,True,
ribbed-pyjama-set,4599620173910,32.50,24.15,Ribbed Mint,5 - 6 Y,LE153W19,Ribbed Mint / 5 - 6 Y,True,
ribbed-pyjama-set,4599620173910,32.50,22.75,Ribbed Sage,0 - 3 M,LE153V02,Ribbed Sage / 0 - 3 M,True,
ribbed-pyjama-set,4599620173910,32.50,22.75,Ribbed Sage,3 - 6 M,LE153V03,Ribbed Sage / 3 - 6 M,True,
ribbed-pyjama-set,4599620173910,32.50,22.75,Ribbed Sage,6 - 9 M,LE153V04,Ribbed Sage / 6 - 9 M,True,
ribbed-pyjama-set,4599620173910,32.50,22.75,Ribbed Sage,9 - 12 M,LE153V05,Ribbed Sage / 9 - 12 M,True,
ribbed-pyjama-set,4599620173910,32.50,22.75,Ribbed Sage,12 - 18 M,LE153V06,Ribbed Sage / 12 - 18 M,True,
ribbed-pyjama-set,4599620173910,32.50,22.75,Ribbed Sage,18 - 24 M,LE153V07,Ribbed Sage / 18 - 24 M,True,
ribbed-pyjama-set,4599620173910,32.50,24.15,Ribbed Sage,2 - 3 Y,LE153V08,Ribbed Sage / 2 - 3 Y,True,
ribbed-pyjama-set,4599620173910,32.50,24.15,Ribbed Sage,3 - 4 Y,LE153V09,Ribbed Sage / 3 - 4 Y,True,
ribbed-pyjama-set,4599620173910,32.50,24.15,Ribbed Sage,4 - 5 Y,LE153V18,Ribbed Sage / 4 - 5 Y,True,
ribbed-pyjama-set,4599620173910,32.50,24.15,Ribbed Sage,5 - 6 Y,LE153V19,Ribbed Sage / 5 - 6 Y,True,
ribbed-pyjama-set,4599620173910,32.50,22.75,Ribbed Orange,0 - 3 M,LE153OG02,Ribbed Orange / 0 - 3 M,False,
ribbed-pyjama-set,4599620173910,32.50,22.75,Ribbed Orange,3 - 6 M,LE153OG03,Ribbed Orange / 3 - 6 M,True,
ribbed-pyjama-set,4599620173910,32.50,22.75,Ribbed Orange,6 - 9 M,LE153OG04,Ribbed Orange / 6 - 9 M,True,
ribbed-pyjama-set,4599620173910,32.50,22.75,Ribbed Orange,9 - 12 M,LE153OG05,Ribbed Orange / 9 - 12 M,True,
ribbed-pyjama-set,4599620173910,32.50,22.75,Ribbed Orange,12 - 18 M,LE153OG06,Ribbed Orange / 12 - 18 M,True,
ribbed-pyjama-set,4599620173910,32.50,22.75,Ribbed Orange,18 - 24 M,LE153OG07,Ribbed Orange / 18 - 24 M,True,
ribbed-pyjama-set,4599620173910,32.50,24.15,Ribbed Orange,2 - 3 Y,LE153OG08,Ribbed Orange / 2 - 3 Y,True,
ribbed-pyjama-set,4599620173910,32.50,24.15,Ribbed Orange,3 - 4 Y,LE153OG09,Ribbed Orange / 3 - 4 Y,True,
ribbed-pyjama-set,4599620173910,32.50,24.15,Ribbed Orange,4 - 5 Y,LE153OG18,Ribbed Orange / 4 - 5 Y,True,
ribbed-pyjama-set,4599620173910,32.50,24.15,Ribbed Orange,5 - 6 Y,LE153OG19,Ribbed Orange / 5 - 6 Y,True,
ribbed-pyjama-set,4599620173910,32.50,22.75,Ribbed Yellow,0 - 3 M,LE153G02,Ribbed Yellow / 0 - 3 M,False,
ribbed-pyjama-set,4599620173910,32.50,22.75,Ribbed Yellow,3 - 6 M,LE153G03,Ribbed Yellow / 3 - 6 M,True,
ribbed-pyjama-set,4599620173910,32.50,22.75,Ribbed Yellow,6 - 9 M,LE153G04,Ribbed Yellow / 6 - 9 M,False,
ribbed-pyjama-set,4599620173910,32.50,22.75,Ribbed Yellow,9 - 12 M,LE153G05,Ribbed Yellow / 9 - 12 M,False,
ribbed-pyjama-set,4599620173910,32.50,22.75,Ribbed Yellow,12 - 18 M,LE153G06,Ribbed Yellow / 12 - 18 M,False,
ribbed-pyjama-set,4599620173910,32.50,22.75,Ribbed Yellow,18 - 24 M,LE153G07,Ribbed Yellow / 18 - 24 M,False,
ribbed-pyjama-set,4599620173910,32.50,24.15,Ribbed Yellow,2 - 3 Y,LE153G08,Ribbed Yellow / 2 - 3 Y,False,
ribbed-pyjama-set,4599620173910,32.50,24.15,Ribbed Yellow,3 - 4 Y,LE153G09,Ribbed Yellow / 3 - 4 Y,False,
ribbed-pyjama-set,4599620173910,32.50,24.15,Ribbed Yellow,4 - 5 Y,LE153G18,Ribbed Yellow / 4 - 5 Y,False,
ribbed-pyjama-set,4599620173910,32.50,24.15,Ribbed Yellow,5 - 6 Y,LE153G19,Ribbed Yellow / 5 - 6 Y,False,
ribbed-clever-zip-sleepsuit-4-pack,6551756308566,130.00,97.50,Ribbed Sage Mix,Newborn,XMBU01W,Ribbed Sage Mix / Newborn,True,
ribbed-clever-zip-sleepsuit-4-pack,6551756308566,130.00,97.50,Ribbed Sage Mix,0 - 3 M,XMBU02W,Ribbed Sage Mix / 0 - 3 M,True,
ribbed-clever-zip-sleepsuit-4-pack,6551756308566,130.00,97.50,Ribbed Sage Mix,3 - 6 M,XMBU03W,Ribbed Sage Mix / 3 - 6 M,True,
ribbed-clever-zip-sleepsuit-4-pack,6551756308566,130.00,97.50,Ribbed Sage Mix,6 - 9 M,XMBU04W,Ribbed Sage Mix / 6 - 9 M,True,
ribbed-clever-zip-sleepsuit-4-pack,6551756308566,130.00,97.50,Ribbed Sage Mix,9 - 12 M,XMBU05W,Ribbed Sage Mix / 9 - 12 M,True,
ribbed-clever-zip-sleepsuit-4-pack,6551756308566,130.00,97.50,Ribbed Sage Mix,12 - 18 M,XMBU06W,Ribbed Sage Mix / 12 - 18 M,True,
ribbed-clever-zip-sleepsuit-4-pack,6551756308566,130.00,97.50,Ribbed Sage Mix,18 - 24 M,XMBU07W,Ribbed Sage Mix / 18 - 24 M,True,
ribbed-clever-zip-sleepsuit-4-pack,6551756308566,130.00,97.50,Ribbed Blue Mix,Newborn,XRFZ01EC,Ribbed Blue Mix / Newborn,True,
ribbed-clever-zip-sleepsuit-4-pack,6551756308566,130.00,97.50,Ribbed Blue Mix,0 - 3 M,XRFZ02EC,Ribbed Blue Mix / 0 - 3 M,True,
ribbed-clever-zip-sleepsuit-4-pack,6551756308566,130.00,97.50,Ribbed Blue Mix,3 - 6 M,XRFZ03EC,Ribbed Blue Mix / 3 - 6 M,True,
ribbed-clever-zip-sleepsuit-4-pack,6551756308566,130.00,97.50,Ribbed Blue Mix,6 - 9 M,XRFZ04EC,Ribbed Blue Mix / 6 - 9 M,True,
ribbed-clever-zip-sleepsuit-4-pack,6551756308566,130.00,97.50,Ribbed Blue Mix,9 - 12 M,XRFZ05EC,Ribbed Blue Mix / 9 - 12 M,True,
ribbed-clever-zip-sleepsuit-4-pack,6551756308566,130.00,97.50,Ribbed Blue Mix,12 - 18 M,XRFZ06EC,Ribbed Blue Mix / 12 - 18 M,True,
ribbed-clever-zip-sleepsuit-4-pack,6551756308566,130.00,97.50,Ribbed Blue Mix,18 - 24 M,XRFZ07EC,Ribbed Blue Mix / 18 - 24 M,True,
ribbed-clever-zip-sleepsuit-4-pack,6551756308566,130.00,97.50,Ribbed Blush Mix,Newborn,XMBV01BF,Ribbed Blush Mix / Newborn,True,
ribbed-clever-zip-sleepsuit-4-pack,6551756308566,130.00,97.50,Ribbed Blush Mix,0 - 3 M,XMBV02BF,Ribbed Blush Mix / 0 - 3 M,True,
ribbed-clever-zip-sleepsuit-4-pack,6551756308566,130.00,97.50,Ribbed Blush Mix,3 - 6 M,XMBV03BF,Ribbed Blush Mix / 3 - 6 M,True,
ribbed-clever-zip-sleepsuit-4-pack,6551756308566,130.00,97.50,Ribbed Blush Mix,6 - 9 M,XMBV04BF,Ribbed Blush Mix / 6 - 9 M,True,
ribbed-clever-zip-sleepsuit-4-pack,6551756308566,130.00,97.50,Ribbed Blush Mix,9 - 12 M,XMBV05BF,Ribbed Blush Mix / 9 - 12 M,True,
ribbed-clever-zip-sleepsuit-4-pack,6551756308566,130.00,97.50,Ribbed Blush Mix,12 - 18 M,XMBV06BF,Ribbed Blush Mix / 12 - 18 M,True,
ribbed-clever-zip-sleepsuit-4-pack,6551756308566,130.00,97.50,Ribbed Blush Mix,18 - 24 M,XMBV07BF,Ribbed Blush Mix / 18 - 24 M,True,
ribbed-clever-zip-sleepsuit-4-pack,6551756308566,130.00,97.50,Ribbed Pine & Ecru Mix,Newborn,XRFZ01PN,Ribbed Pine & Ecru Mix / Newborn,True,
ribbed-clever-zip-sleepsuit-4-pack,6551756308566,130.00,97.50,Ribbed Pine & Ecru Mix,0 - 3 M,XRFZ02PN,Ribbed Pine & Ecru Mix / 0 - 3 M,False,
ribbed-clever-zip-sleepsuit-4-pack,6551756308566,130.00,97.50,Ribbed Pine & Ecru Mix,3 - 6 M,XRFZ03PN,Ribbed Pine & Ecru Mix / 3 - 6 M,False,
ribbed-clever-zip-sleepsuit-4-pack,6551756308566,130.00,97.50,Ribbed Pine & Ecru Mix,6 - 9 M,XRFZ04PN,Ribbed Pine & Ecru Mix / 6 - 9 M,False,
ribbed-clever-zip-sleepsuit-4-pack,6551756308566,130.00,97.50,Ribbed Pine & Ecru Mix,9 - 12 M,XRFZ05PN,Ribbed Pine & Ecru Mix / 9 - 12 M,False,
ribbed-clever-zip-sleepsuit-4-pack,6551756308566,130.00,97.50,Ribbed Pine & Ecru Mix,12 - 18 M,XRFZ06PN,Ribbed Pine & Ecru Mix / 12 - 18 M,False,
ribbed-clever-zip-sleepsuit-4-pack,6551756308566,130.00,97.50,Ribbed Pine & Ecru Mix,18 - 24 M,XRFZ07PN,Ribbed Pine & Ecru Mix / 18 - 24 M,False,
ribbed-clever-zip-sleepsuit-4-pack,6551756308566,130.00,97.50,Ribbed Yellow Mix,Newborn,XRFZ01G,Ribbed Yellow Mix / Newborn,False,
ribbed-clever-zip-sleepsuit-4-pack,6551756308566,130.00,97.50,Ribbed Yellow Mix,0 - 3 M,XRFZ02G,Ribbed Yellow Mix / 0 - 3 M,True,
ribbed-clever-zip-sleepsuit-4-pack,6551756308566,130.00,97.50,Ribbed Yellow Mix,3 - 6 M,XRFZ03G,Ribbed Yellow Mix / 3 - 6 M,True,
ribbed-clever-zip-sleepsuit-4-pack,6551756308566,130.00,97.50,Ribbed Yellow Mix,6 - 9 M,XRFZ04G,Ribbed Yellow Mix / 6 - 9 M,True,
ribbed-clever-zip-sleepsuit-4-pack,6551756308566,130.00,97.50,Ribbed Yellow Mix,9 - 12 M,XRFZ05G,Ribbed Yellow Mix / 9 - 12 M,False,
ribbed-clever-zip-sleepsuit-4-pack,6551756308566,130.00,97.50,Ribbed Yellow Mix,12 - 18 M,XRFZ06G,Ribbed Yellow Mix / 12 - 18 M,True,
ribbed-clever-zip-sleepsuit-4-pack,6551756308566,130.00,97.50,Ribbed Yellow Mix,18 - 24 M,XRFZ07G,Ribbed Yellow Mix / 18 - 24 M,True,
